word_id,level,japanese,hiragana,korean,english,category,emoji
N5-0001,N5,会う,あう,만나다,to meet,,
N5-0002,N5,青い,あおい,푸른,blue,,
N5-0003,N5,赤い,あかい,빨간,red,,
N5-0004,N5,明い,あかるい,선명한,bright,,
N5-0005,N5,秋,あき,가을,autumn,,
N5-0006,N5,開く,あく,열리다,"to open, to become open",,
N5-0007,N5,開ける,あける,열기,to open,,
N5-0008,N5,上げる,あげる,주다,to give,,
N5-0009,N5,朝,あさ,아침,morning,,
N5-0010,N5,朝御飯,あさごはん,아침밥,breakfast,,
N5-0011,N5,あさって,あさって,모레,day after tomorrow,,
N5-0012,N5,足,あし,다리,"foot, leg",,
N5-0013,N5,明日,あした,내일,tomorrow,,
N5-0014,N5,あそこ,あそこ,저기,over there,,
N5-0015,N5,遊ぶ,あそぶ,놀다,"to play, to make a visit",,
N5-0016,N5,暖かい,あたたかい,따뜻한,warm,,
N5-0017,N5,頭,あたま,머리,head,,
N5-0018,N5,新しい,あたらしい,새로운,new,,
N5-0019,N5,あちら,あちら,저쪽,there,,
N5-0020,N5,暑い,あつい,덥다,hot,,
N5-0021,N5,熱い,あつい,뜨거다,hot to the touch,,
N5-0022,N5,厚い,あつい,두꺼다,"kind, deep, thick",,
N5-0023,N5,あっち,あっち,저기,over there,,
N5-0024,N5,後,あと,나중에,afterwards,,
N5-0025,N5,あなた,あなた,당신,you,,
N5-0026,N5,兄,あに,형,(humble) older brother,,
N5-0027,N5,姉,あね,언니,(humble) older sister,,
N5-0028,N5,あの,あの,그,that over there,,
N5-0029,N5,あの,あの,음 ...,um...,,
N5-0030,N5,アパート,アパート,아파트,apartment,,
N5-0031,N5,あびる,あびる,목욕하다,"to bathe, to shower",,
N5-0032,N5,危ない,あぶない,위험하다,dangerous,,
N5-0033,N5,甘い,あまい,달콤한,sweet,,
N5-0034,N5,あまり,あまり,별로,not very,,
N5-0035,N5,雨,あめ,비,rain,,
N5-0036,N5,飴,あめ,사탕,candy,,
N5-0037,N5,洗う,あらう,씻다,to wash,,
N5-0038,N5,ある,ある,있다,"to be,to have (used for inanimate objects)",,
N5-0039,N5,歩く,あるく,걷다,to walk,,
N5-0040,N5,あれ,あれ,그것,that,,
N5-0041,N5,いい,いい,좋은,good,,
N5-0042,N5,いいえ,いいえ,아니오,no,,
N5-0043,N5,言う,いう,말,to say,,
N5-0044,N5,家,いえ,집,house,,
N5-0045,N5,いかが,いかが,어떻게,how,,
N5-0046,N5,行く,いく,가다,to go,,
N5-0047,N5,いくつ,いくつ,몇,"how many?,how old?",,
N5-0048,N5,いくら,いくら,얼마,how much?,,
N5-0049,N5,池,いけ,연못,pond,,
N5-0050,N5,医者,いしゃ,의사,medical doctor,,
N5-0051,N5,いす,いす,의자,chair,,
N5-0052,N5,忙しい,いそがしい,바쁘다,"busy, irritated",,
N5-0053,N5,痛い,いたい,아프다,painful,,
N5-0054,N5,一,いち,일,one,,
N5-0055,N5,一日,いちにち,일일,first of the month,,
N5-0056,N5,いちばん,いちばん,가장,"best, first",,
N5-0057,N5,いつ,いつ,언제,when,,
N5-0058,N5,五日,いつか,5 일,"five days, fifth day",,
N5-0059,N5,一緒,いっしょ,함께,together,,
N5-0060,N5,五つ,いつつ,다섯,five,,
N5-0061,N5,いつも,いつも,항상,always,,
N5-0062,N5,犬,いぬ,개,dog,,
N5-0063,N5,今,いま,지금,now,,
N5-0064,N5,意味,いみ,의미,meaning,,
N5-0065,N5,妹,いもうと,여동생,(humble) younger sister,,
N5-0066,N5,嫌,いや,싫음,unpleasant,,
N5-0067,N5,入口,いりぐち,입구,entrance,,
N5-0068,N5,居る,いる,있다,"to be, to have (used for people and animals)",,
N5-0069,N5,要る,いる,필요하다,to need,,
N5-0070,N5,入れる,いれる,넣다,to put in,,
N5-0071,N5,色,いろ,색,colour,,
N5-0072,N5,いろいろ,いろいろ,여러가지,various,,
N5-0073,N5,上,うえ,위,on top of,,
N5-0074,N5,後ろ,うしろ,뒤에,behind,,
N5-0075,N5,薄い,うすい,얇다,"thin,weak",,
N5-0076,N5,歌,うた,노래,song,,
N5-0077,N5,歌う,うたう,노래하다,to sing,,
N5-0078,N5,生まれる,うまれる,태어나다,to be born,,
N5-0079,N5,海,うみ,바다,sea,,
N5-0080,N5,売る,うる,팔다,to sell,,
N5-0081,N5,煩い,うるさい,시끄럽다,"noisy, annoying",,
N5-0082,N5,上着,うわぎ,겉옷,jacket,,
N5-0083,N5,絵,え,그림,picture,,
N5-0084,N5,映画,えいが,영화,movie,,
N5-0085,N5,映画館,えいがかん,영화관,cinema,,
N5-0086,N5,英語,えいご,영어,English language,,
N5-0087,N5,ええ,ええ,예,yes,,
N5-0088,N5,駅,えき,역,station,,
N5-0089,N5,エレベーター,エレベーター,엘리베이터,elevator,,
N5-0090,N5,鉛筆,えんぴつ,연필,pencil,,
N5-0091,N5,おいしい,おいしい,맛있는,delicious,,
N5-0092,N5,多い,おおい,많은,many,,
N5-0093,N5,大きい,おおきい,큰,big,,
N5-0094,N5,大きな,おおきな,큰,big,,
N5-0095,N5,大勢,おおぜい,대세,great number of people,,
N5-0096,N5,お母さん,おかあさん,엄마,(honorable) mother,,
N5-0097,N5,お菓子,おかし,과자,"sweets, candy",,
N5-0098,N5,お金,おかね,돈,money,,
N5-0099,N5,起きる,おきる,일어나다,to get up,,
N5-0100,N5,置く,おく,두다,to put,,
N5-0101,N5,奥さん,おくさん,부인,(honorable) wife,,
N5-0102,N5,お酒,おさけ,술,"alcohol, rice wine",,
N5-0103,N5,お皿,おさら,접시,"plate, dish",,
N5-0104,N5,伯父さん,おじいさん,할아버지,"grandfather, male senior citizen",,
N5-0105,N5,教える,おしえる,가르치다,"to teach, to tell",,
N5-0106,N5,伯父さん,おじさん,아저씨,"uncle, middle aged gentleman",,
N5-0107,N5,押す,おす,밀다,"to push, to stamp something",,
N5-0108,N5,遅い,おそい,늦다,"late, slow",,
N5-0109,N5,お茶,おちゃ,차,green tea,,
N5-0110,N5,お手洗い,おてあらい,화장실,bathroom,,
N5-0111,N5,お父さん,おとうさん,아버지,(honorable) father,,
N5-0112,N5,弟,おとうと,동생,younger brother,,
N5-0113,N5,男,おとこ,남자,Man,,
N5-0114,N5,男の子,おとこのこ,소년,Boy,,
N5-0115,N5,一昨日,おととい,그저께,day before yesterday,,
N5-0116,N5,一昨年,おととし,지난해,year before last,,
N5-0117,N5,大人,おとな,성인,Adult,,
N5-0118,N5,おなか,おなか,배,stomach,,
N5-0119,N5,同じ,おなじ,같은,same,,
N5-0120,N5,お兄さん,おにいさん,형,(honorable) older brother,,
N5-0121,N5,お姉さん,おねえさん,언니,(honorable) older sister,,
N5-0122,N5,おばあさん,おばあさん,할머니,"grandmother, female senior-citizen",,
N5-0123,N5,伯母さん,おばさん,아주머니,Aunt,,
N5-0124,N5,お風呂,おふろ,목욕,Bath,,
N5-0125,N5,お弁当,おべんとう,도시락,boxed lunch,,
N5-0126,N5,覚える,おぼえる,기억하다,to remember,,
N5-0127,N5,おまわりさん,おまわりさん,경찰,friendly term for policeman,,
N5-0128,N5,重い,おもい,무거운,Heavy,,
N5-0129,N5,おもしろい,おもしろい,재미,Interesting,,
N5-0130,N5,泳ぐ,およぐ,수영,to swim,,
N5-0131,N5,降りる,おりる,내리다,"to get off, to descend",,
N5-0132,N5,終る,おわる,끝나다,to finish,,
N5-0133,N5,音楽,おんがく,음악,Music,,
N5-0134,N5,女,おんな,여자,Woman,,
N5-0135,N5,女の子,おんなのこ,소녀,Girl,,
N5-0136,N5,外国,がいこく,외국,foreign country,,
N5-0137,N5,外国人,がいこくじん,외국인,Foreigner,,
N5-0138,N5,会社,かいしゃ,회사,Company,,
N5-0139,N5,階段,かいだん,계단,Stairs,,
N5-0140,N5,買い物,かいもの,쇼핑,Shopping,,
N5-0141,N5,買う,かう,구매,to buy,,
N5-0142,N5,返す,かえす,반환하다,to return something,,
N5-0143,N5,帰る,かえる,돌아,to go back,,
N5-0144,N5,かかる,かかる,걸리다,to take time or money,,
N5-0145,N5,かぎ,かぎ,열쇠,Key,,
N5-0146,N5,書く,かく,쓰기,to write,,
N5-0147,N5,学生,がくせい,학생,Student,,
N5-0148,N5,かける,かける,걸다,to call by phone,,
N5-0149,N5,傘,かさ,우산,Umbrella,,
N5-0150,N5,貸す,かす,빌려,to lend,,
N5-0151,N5,風,かぜ,바람,Wind,,
N5-0152,N5,風邪,かぜ,감기,a cold,,
N5-0153,N5,家族,かぞく,가족,Family,,
N5-0154,N5,方,かた,방법,"person, way of doing",,
N5-0155,N5,学校,がっこう,학교,School,,
N5-0156,N5,カップ,カップ,컵,Cup,,
N5-0157,N5,家庭,かてい,가정,Household,,
N5-0158,N5,角,かど,모서리,a corner,,
N5-0159,N5,かばん,かばん,가방,"bag, basket",,
N5-0160,N5,花瓶,かびん,꽃병,a vase,,
N5-0161,N5,紙,かみ,종이,paper,,
N5-0162,N5,カメラ,カメラ,카메라,camera,,
N5-0163,N5,火曜日,かようび,화요일,Tuesday,,
N5-0164,N5,辛い,からい,맵다,Spicy,,
N5-0165,N5,体,からだ,몸,Body,,
N5-0166,N5,借りる,かりる,빌리다,to borrow,,
N5-0167,N5,軽い,かるい,가볍다,Light,,
N5-0168,N5,カレー,カレー,카레,Curry,,
N5-0169,N5,カレンダー,カレンダー,달력,calendar,,
N5-0170,N5,川,かわ,강,River,,
N5-0171,N5,かわいい,かわいい,귀엽다,Cute,,
N5-0172,N5,漢字,かんじ,한자,Chinese character,,
N5-0173,N5,木,き,나무,"tree, wood",,
N5-0174,N5,黄色い,きいろい,노랗다,yellow,,
N5-0175,N5,消える,きえる,사라,to disappear,,
N5-0176,N5,聞く,きく,듣다,"to hear, to listen to, to ask",,
N5-0177,N5,北,きた,북,North,,
N5-0178,N5,ギター,ギター,기타,Guitar,,
N5-0179,N5,汚い,きたない,더러운,Dirty,,
N5-0180,N5,喫茶店,きっさてん,커피숖,coffee lounge,,
N5-0181,N5,切手,きって,우표,postage stamp,,
N5-0182,N5,切符,きっぷ,티켓,Ticket,,
N5-0183,N5,昨日,きのう,어제,Yesterday,,
N5-0184,N5,九,きゅう,아홉,Nine,,
N5-0185,N5,牛肉,ぎゅうにく,쇠고기,Beef,,
N5-0186,N5,牛乳,ぎゅうにゅう,우유,Milk,,
N5-0187,N5,今日,きょう,오늘,Today,,
N5-0188,N5,教室,きょうしつ,교실,Classroom,,
N5-0189,N5,兄弟,きょうだい,형제,(humble) siblings,,
N5-0190,N5,去年,きょねん,작년,last year,,
N5-0191,N5,嫌い,きらい,싫음,Hate,,
N5-0192,N5,切る,きる,자르다,to cut,,
N5-0193,N5,着る,きる,옷을 입다,to put on from the shoulders down,,
N5-0194,N5,きれい,きれい,예쁨,"pretty, clean",,
N5-0195,N5,キロ,キロ,킬로그램,Kilogram,,
N5-0196,N5,キロ,キロ,킬로미터,Kilometer,,
N5-0197,N5,銀行,ぎんこう,은행,Bank,,
N5-0198,N5,金曜日,きんようび,금요일,Friday,,
N5-0199,N5,薬,くすり,약,medicine,,
N5-0200,N5,ください,ください,~해 주세요,Please,,
N5-0201,N5,果物,くだもの,과일,Fruit,,
N5-0202,N5,口,くち,입,"mouth, opening",,
N5-0203,N5,靴,くつ,신발,Shoes,,
N5-0204,N5,靴下,くつした,양말,Socks,,
N5-0205,N5,国,くに,국가,Country,,
N5-0206,N5,曇り,くもり,흐림,cloudy weather,,
N5-0207,N5,曇る,くもる,흐리다,"to become cloudy, to become dim",,
N5-0208,N5,暗い,くらい,어둡다,Gloomy,,
N5-0209,N5,クラス,クラス,클래스,Class,,
N5-0210,N5,グラム,グラム,그램,Gram,,
N5-0211,N5,来る,くる,오다,to come,,
N5-0212,N5,車,くるま,자동차,"car, vehicle",,
N5-0213,N5,黒,くろ,검정,Black,,
N5-0214,N5,黒い,くろい,검은,black,,
N5-0215,N5,警官,けいかん,경찰,policeman,,
N5-0216,N5,今朝,けさ,오늘 아침,this morning,,
N5-0217,N5,消す,けす,지우,"to erase, to turn off power",,
N5-0218,N5,結構,けっこう,훌륭함,"splendid, enough",,
N5-0219,N5,結婚,けっこん,결혼,Marriage,,
N5-0220,N5,月曜日,げつようび,월요일,Monday,,
N5-0221,N5,玄関,げんかん,현관,entry hall,,
N5-0222,N5,元気,げんき,건강,"health, vitality",,
N5-0223,N5,五,ご,다섯,Five,,
N5-0224,N5,公園,こうえん,공원,Park,,
N5-0225,N5,交差点,こうさてん,교차로,intersection,,
N5-0226,N5,紅茶,こうちゃ,차,black tea,,
N5-0227,N5,交番,こうばん,파출소,police box,,
N5-0228,N5,声,こえ,목소리,Voice,,
N5-0229,N5,コート,コート,코트,"coat, tennis court",,
N5-0230,N5,コーヒー,コーヒー,커피,Coffee,,
N5-0231,N5,ここ,ここ,여기,Here,,
N5-0232,N5,午後,ごご,오후,afternoon,,
N5-0233,N5,九日,ここのか,9일,"nine days, ninth day",,
N5-0234,N5,九つ,ここのつ,아홉,Nine,,
N5-0235,N5,午前,ごぜん,오전,morning,,
N5-0236,N5,答える,こたえる,대답하다,to answer,,
N5-0237,N5,こちら,こちら,이쪽,this person or way,,
N5-0238,N5,こっち,こっち,여기,this person or way,,
N5-0239,N5,コップ,コップ,컵,a glass,,
N5-0240,N5,今年,ことし,올해,this year,,
N5-0241,N5,言葉,ことば,말,"word, language",,
N5-0242,N5,子供,こども,아이,Child,,
N5-0243,N5,この,この,이,This,,
N5-0244,N5,御飯,ごはん,밥,"cooked rice, meal",,
N5-0245,N5,コピーする,コピーする,복사,to copy,,
N5-0246,N5,困る,こまる,곤란하다,to be worried,,
N5-0247,N5,これ,これ,이것,This,,
N5-0248,N5,今月,こんげつ,금월,this month,,
N5-0249,N5,今週,こんしゅう,이번 주,this week,,
N5-0250,N5,こんな,こんな,이러한,Such,,
N5-0251,N5,今晩,こんばん,오늘 밤,this evening,,
N5-0252,N5,さあ,さあ,잘…,well…,,
N5-0253,N5,財布,さいふ,지갑,Wallet,,
N5-0254,N5,魚,さかな,물고기,Fish,,
N5-0255,N5,先,さき,앞,"the future, previous",,
N5-0256,N5,咲く,さく,피다,to bloom,,
N5-0257,N5,作文,さくぶん,작문,"composition, writing",,
N5-0258,N5,差す,さす,가리다,"to stretch out hands, to raise an umbrella",,
N5-0259,N5,雑誌,ざっし,잡지,Magazine,,
N5-0260,N5,砂糖,さとう,설탕,Sugar,,
N5-0261,N5,寒い,さむい,춥다,Cold,,
N5-0262,N5,さ来年,さらいねん,다음 해,year after next,,
N5-0263,N5,三,さん,셋,Three,,
N5-0264,N5,散歩する,さんぽする,산책,to stroll,,
N5-0265,N5,四,し,넷,Four,,
N5-0266,N5,塩,しお,소금,Salt,,
N5-0267,N5,しかし,しかし,그러나,However,,
N5-0268,N5,時間,じかん,시간,Time,,
N5-0269,N5,仕事,しごと,일,Job,,
N5-0270,N5,辞書,じしょ,사전,Dictionary,,
N5-0271,N5,静か,しずか,조용,Quiet,,
N5-0272,N5,下,した,아래,Below,,
N5-0273,N5,七,しち,칠,Seven,,
N5-0274,N5,質問,しつもん,질문,Question,,
N5-0275,N5,自転車,じてんしゃ,자전거,Bicycle,,
N5-0276,N5,自動車,じどうしゃ,자동차,Automobile,,
N5-0277,N5,死ぬ,しぬ,죽다,to die,,
N5-0278,N5,字引,じびき,사전,Dictionary,,
N5-0279,N5,自分,じぶん,자신,Oneself,,
N5-0280,N5,閉まる,しまる,꼭 닫히다,"to close, to be closed",,
N5-0281,N5,閉める,しめる,닫다,to close something,,
N5-0282,N5,締める,しめる,닫다,to tie,,
N5-0283,N5,じゃ,じゃ,그럼,well then…,,
N5-0284,N5,写真,しゃしん,사진,photograph,,
N5-0285,N5,シャツ,シャツ,셔츠,Shirt,,
N5-0286,N5,シャワー,シャワー,샤워,Shower,,
N5-0287,N5,十,じゅう,십,Ten,,
N5-0288,N5,授業,じゅぎょう,수업,"lesson, class work",,
N5-0289,N5,宿題,しゅくだい,숙제,homework,,
N5-0290,N5,上手,じょうず,잘,Skillful,,
N5-0291,N5,丈夫,じょうぶ,건강함,"strong, durable",,
N5-0292,N5,しょうゆ,しょうゆ,간장,soy sauce,,
N5-0293,N5,食堂,しょくどう,식당,dining hall,,
N5-0294,N5,知る,しる,알,to know,,
N5-0295,N5,白い,しろい,하얀,White,,
N5-0296,N5,新聞,しんぶん,신문,newspaper,,
N5-0297,N5,水曜日,すいようび,수요일,Wednesday,,
N5-0298,N5,吸う,すう,들이마시다,"to smoke, to suck",,
N5-0299,N5,スカート,スカート,스커트,Skirt,,
N5-0300,N5,好き,すき,좋아함,Likeable,,
N5-0301,N5,少ない,すくない,적다,a few,,
N5-0302,N5,すぐに,すぐに,즉시,Instantly,,
N5-0303,N5,少し,すこし,조금,Few,,
N5-0304,N5,涼しい,すずしい,차가운,Refreshing,,
N5-0305,N5,ストーブ,ストーブ,스토브,Heater,,
N5-0306,N5,スプーン,スプーン,숟가락,Spoon,,
N5-0307,N5,スポーツ,スポーツ,스포츠,Sport,,
N5-0308,N5,ズボン,ズボン,바지,Trousers,,
N5-0309,N5,住む,すむ,살다,to live in,,
N5-0310,N5,スリッパ,スリッパ,슬리퍼,Slippers,,
N5-0311,N5,する,する,하다,to do,,
N5-0312,N5,座る,すわる,앉다,to sit,,
N5-0313,N5,背,せ,키,"height, stature",,
N5-0314,N5,生徒,せいと,학생,Pupil,,
N5-0315,N5,セーター,セーター,스웨터,"sweater, jumper",,
N5-0316,N5,せっけん,せっけん,경제,Economy,,
N5-0317,N5,背広,せびろ,정장,business suit,,
N5-0318,N5,狭い,せまい,좁다,Narrow,,
N5-0319,N5,ゼロ,ゼロ,제로,Zero,,
N5-0320,N5,千,せん,천,Thousand,,
N5-0321,N5,先月,せんげつ,지난 달,last month,,
N5-0322,N5,先週,せんしゅう,지난,last week,,
N5-0323,N5,先生,せんせい,선생님,"teacher, doctor",,
N5-0324,N5,洗濯,せんたく,세탁,Washing,,
N5-0325,N5,全部,ぜんぶ,전체,All,,
N5-0326,N5,掃除する,そうじする,청소하다,"to clean, to sweep",,
N5-0327,N5,そうして,そうして,그리고,And,,
N5-0328,N5,そこ,そこ,거기,that place,,
N5-0329,N5,そちら,そちら,그 쪽,over there,,
N5-0330,N5,そっち,そっち,그쪽,over there,,
N5-0331,N5,外,そと,외부,Outside,,
N5-0332,N5,その,その,그,That,,
N5-0333,N5,そば,そば,옆,"near, beside",,
N5-0334,N5,空,そら,하늘,Sky,,
N5-0335,N5,それ,それ,그것,that,,
N5-0336,N5,それから,それから,그 다음에,after that,,
N5-0337,N5,それでは,それでは,그러면,in that situation,,
N5-0338,N5,大学,だいがく,대학,university,,
N5-0339,N5,大使館,たいしかん,대사관,embassy,,
N5-0340,N5,大丈夫,だいじょうぶ,괜찮아,all right,,
N5-0341,N5,大好き,だいすき,매우 좋음,to be very likeable,,
N5-0342,N5,大切,たいせつ,중요,important,,
N5-0343,N5,台所,だいどころ,부엌,kitchen,,
N5-0344,N5,たいへん,たいへん,몹시,very,,
N5-0345,N5,たいへん,たいへん,큰일,difficult situation,,
N5-0346,N5,高い,たかい,높다,"tall, expensive",,
N5-0347,N5,たくさん,たくさん,많음,many,,
N5-0348,N5,タクシー,タクシー,택시,taxi,,
N5-0349,N5,出す,だす,내다,to put out,,
N5-0350,N5,立つ,たつ,일어서다,to stand,,
N5-0351,N5,たて,たて,세로,"length,height",,
N5-0352,N5,建物,たてもの,건물,building,,
N5-0353,N5,楽しい,たのしい,재미,enjoyable,,
N5-0354,N5,頼む,たのむ,부탁하다,to ask,,
N5-0355,N5,たばこ,たばこ,담배,"tobacco,cigarettes",,
N5-0356,N5,たぶん,たぶん,아마,probably,,
N5-0357,N5,食べ物,たべもの,음식,food,,
N5-0358,N5,食べる,たべる,먹다,to eat,,
N5-0359,N5,卵,たまご,계란,egg,,
N5-0360,N5,誰,だれ,누구,who,,
N5-0361,N5,誰か,だれか,누군가,somebody,,
N5-0362,N5,誕生日,たんじょうび,생일,birthday,,
N5-0363,N5,だんだん,だんだん,차차,gradually,,
N5-0364,N5,小さい,ちいさい,작은,little,,
N5-0365,N5,小さな,ちいさな,작은,little,,
N5-0366,N5,近い,ちかい,가깝다,near,,
N5-0367,N5,違う,ちがう,다른,to differ,,
N5-0368,N5,近く,ちかく,근처,near,,
N5-0369,N5,地下鉄,ちかてつ,지하철,underground train,,
N5-0370,N5,地図,ちず,지도,map,,
N5-0371,N5,茶色,ちゃいろ,갈색,brown,,
N5-0372,N5,ちゃわん,ちゃわん,그릇,rice bowl,,
N5-0373,N5,ちょうど,ちょうど,꼭,exactly,,
N5-0374,N5,ちょっと,ちょっと,조금,somewhat,,
N5-0375,N5,一日,ついたち,초하루,first of month,,
N5-0376,N5,使う,つかう,쓰다,to use,,
N5-0377,N5,疲れる,つかれる,피곤,to get tired,,
N5-0378,N5,次,つぎ,다음,next,,
N5-0379,N5,着く,つく,도착,to arrive at,,
N5-0380,N5,机,つくえ,책상,desk,,
N5-0381,N5,作る,つくる,만들다,to make,,
N5-0382,N5,つける,つける,붙이다,to turn on,,
N5-0383,N5,勤める,つとめる,근무하다,to work for someone,,
N5-0384,N5,つまらない,つまらない,시시하다,boring,,
N5-0385,N5,冷たい,つめたい,차갑다,cold to the touch,,
N5-0386,N5,強い,つよい,강한,powerful,,
N5-0387,N5,手,て,손,hand,,
N5-0388,N5,テープ,テープ,테이프,tape,,
N5-0389,N5,テーブル,テーブル,테이블,table,,
N5-0390,N5,テープレコーダー,テープレコーダー,테이프 레코더,tape recorder,,
N5-0391,N5,出かける,でかける,외출,to go out,,
N5-0392,N5,手紙,てがみ,편지,letter,,
N5-0393,N5,できる,できる,할 수 있다,to be able to,,
N5-0394,N5,出口,でぐち,출구,exit,,
N5-0395,N5,テスト,テスト,테스트,test,,
N5-0396,N5,では,では,그러면,with that...,,
N5-0397,N5,デパート,デパート,백화점,department store,,
N5-0398,N5,でも,でも,그러나,but,,
N5-0399,N5,出る,でる,나가다,"to appear,to leave",,
N5-0400,N5,テレビ,テレビ,텔레비전,television,,
N5-0401,N5,天気,てんき,날씨,weather,,
N5-0402,N5,電気,でんき,전기,"electricity,electric light",,
N5-0403,N5,電車,でんしゃ,전차,electric train,,
N5-0404,N5,電話,でんわ,전화,telephone,,
N5-0405,N5,戸,と,문,Japanese style door,,
N5-0406,N5,ドア,ドア,문,Western style door,,
N5-0407,N5,トイレ,トイレ,화장실,toilet,,
N5-0408,N5,どう,どう,어떻게,"how,in what way",,
N5-0409,N5,どうして,どうして,어떻게,for what reason,,
N5-0410,N5,どうぞ,どうぞ,아무쪼록,please,,
N5-0411,N5,動物,どうぶつ,동물,animal,,
N5-0412,N5,どうも,どうも,감사합니다,thanks,,
N5-0413,N5,遠い,とおい,멀다,far,,
N5-0414,N5,十日,とおか,열흘,"ten days,the tenth day",,
N5-0415,N5,時々,ときどき,때때로,sometimes,,
N5-0416,N5,時計,とけい,시계,"watch,clock",,
N5-0417,N5,どこ,どこ,어디,where,,
N5-0418,N5,所,ところ,곳,place,,
N5-0419,N5,年,とし,년,year,,
N5-0420,N5,図書館,としょかん,도서관,library,,
N5-0421,N5,どちら,どちら,어느 쪽,which of two,,
N5-0422,N5,どっち,どっち,어느 쪽,which,,
N5-0423,N5,とても,とても,아무리 해도,very,,
N5-0424,N5,どなた,どなた,누구,who,,
N5-0425,N5,隣,となり,이웃,next door to,,
N5-0426,N5,どの,どの,어느,which,,
N5-0427,N5,飛ぶ,とぶ,날다,"to fly,to hop",,
N5-0428,N5,止まる,とまる,멈추다,to come to a halt,,
N5-0429,N5,友達,ともだち,친구,friend,,
N5-0430,N5,土曜日,どようび,토요일,Saturday,,
N5-0431,N5,鳥,とり,새,bird,,
N5-0432,N5,とり肉,とりにく,닭고기,chicken meat,,
N5-0433,N5,取る,とる,가지고,to take something,,
N5-0434,N5,撮る,とる,찍다,to take a photo or record a film,,
N5-0435,N5,どれ,どれ,어느,which (of three or more),,
N5-0436,N5,ナイフ,ナイフ,칼,knife,,
N5-0437,N5,中,なか,가운데,middle,,
N5-0438,N5,長い,ながい,긴,long,,
N5-0439,N5,鳴く,なく,울다,"animal noise. to chirp, roar or croak etc.",,
N5-0440,N5,無くす,なくす,없애다,to lose something,,
N5-0441,N5,なぜ,なぜ,왜,why,,
N5-0442,N5,夏,なつ,여름,summer,,
N5-0443,N5,夏休み,なつやすみ,여름 방학,summer holiday,,
N5-0444,N5,など,など,등,et cetera,,
N5-0445,N5,七つ,ななつ,일곱,seven,,
N5-0446,N5,七日,なのか,일곱째 날,"seven days,the seventh day",,
N5-0447,N5,名前,なまえ,이름,name,,
N5-0448,N5,習う,ならう,배우,to learn,,
N5-0449,N5,並ぶ,ならぶ,늘어선,"to line up,to stand in a line",,
N5-0450,N5,並べる,ならべる,나란히,"to line up,to set up",,
N5-0451,N5,なる,なる,되다,to become,,
N5-0452,N5,何,なん,무엇,what,,
N5-0453,N5,二,に,둘,two,,
N5-0454,N5,賑やか,にぎやか,분주,"bustling,busy",,
N5-0455,N5,肉,にく,고기,meat,,
N5-0456,N5,西,にし,서쪽,west,,
N5-0457,N5,日曜日,にちようび,일요일,Sunday,,
N5-0458,N5,荷物,にもつ,짐,luggage,,
N5-0459,N5,ニュース,ニュース,뉴스,news,,
N5-0460,N5,庭,にわ,정원,garden,,
N5-0461,N5,脱ぐ,ぬぐ,옷을 벗다,to take off clothes,,
N5-0462,N5,温い,ぬるい,미지근한,luke warm,,
N5-0463,N5,ネクタイ,ネクタイ,넥타이,"tie,necktie",,
N5-0464,N5,猫,ねこ,고양이,cat,,
N5-0465,N5,寝る,ねる,자다,"to go to bed,to sleep",,
N5-0466,N5,ノート,ノート,노트,"notebook,exercise book",,
N5-0467,N5,登る,のぼる,등반,to climb,,
N5-0468,N5,飲み物,のみもの,음료,a drink,,
N5-0469,N5,飲む,のむ,마시다,to drink,,
N5-0470,N5,乗る,のる,타다,"to get on,to ride",,
N5-0471,N5,歯,は,치아,tooth,,
N5-0472,N5,パーティー,パーティー,파티,party,,
N5-0473,N5,はい,はい,예,yes,,
N5-0474,N5,灰皿,はいざら,재떨이,ashtray,,
N5-0475,N5,入る,はいる,들어가다,"to enter,to contain",,
N5-0476,N5,葉書,はがき,엽서,postcard,,
N5-0477,N5,はく,はく,입다,"to wear,to put on trousers",,
N5-0478,N5,箱,はこ,상자,box,,
N5-0479,N5,橋,はし,다리,bridge,,
N5-0480,N5,はし,はし,젓가락,chopsticks,,
N5-0481,N5,始まる,はじまる,시작,to begin,,
N5-0482,N5,初め,はじめ,처음,beginning,,
N5-0483,N5,初めて,はじめて,처음,for the first time,,
N5-0484,N5,走る,はしる,달리다,to run,,
N5-0485,N5,バス,バス,버스,bus,,
N5-0486,N5,バター,バター,버터,butter,,
N5-0487,N5,二十歳,はたち,스무 살,"20 years old,20th year",,
N5-0488,N5,働く,はたらく,일하다,to work,,
N5-0489,N5,八,はち,여덟,eight,,
N5-0490,N5,二十日,はつか,20일,"twenty days,twentieth",,
N5-0491,N5,花,はな,꽃,flower,,
N5-0492,N5,鼻,はな,코,nose,,
N5-0493,N5,話,はなし,이야기,"talk,story",,
N5-0494,N5,話す,はなす,이야기하다,to speak,,
N5-0495,N5,早い,はやい,이르다,early,,
N5-0496,N5,速い,はやい,빠르다,quick,,
N5-0497,N5,春,はる,봄,spring,,
N5-0498,N5,貼る,はる,붙이다,to stick,,
N5-0499,N5,晴れ,はれ,맑음,clear weather,,
N5-0500,N5,晴れる,はれる,맑은,to be sunny,,
N5-0501,N5,半,はん,반,half,,
N5-0502,N5,晩,ばん,저녁,evening,,
N5-0503,N5,パン,パン,빵,bread,,
N5-0504,N5,ハンカチ,ハンカチ,손수건,handkerchief,,
N5-0505,N5,番号,ばんごう,번호,number,,
N5-0506,N5,晩御飯,ばんごはん,저녁 식사,evening meal,,
N5-0507,N5,半分,はんぶん,반,half minute,,
N5-0508,N5,東,ひがし,동쪽,east,,
N5-0509,N5,引く,ひく,끌다,to pull,,
N5-0510,N5,弾く,ひく,연주하다,"to play an instrument with strings, including piano",,
N5-0511,N5,低い,ひくい,낮다,"short,low",,
N5-0512,N5,飛行機,ひこうき,비행기,aeroplane,,
N5-0513,N5,左,ひだり,왼쪽,left hand side,,
N5-0514,N5,人,ひと,사람,person,,
N5-0515,N5,一つ,ひとつ,하나,one,,
N5-0516,N5,一月,ひとつき,한달,one month,,
N5-0517,N5,一人,ひとり,한 사람,one person,,
N5-0518,N5,暇,ひま,자유 시간,free time,,
N5-0519,N5,百,ひゃく,백,hundred,,
N5-0520,N5,病院,びょういん,병원,hospital,,
N5-0521,N5,病気,びょうき,질병,illness,,
N5-0522,N5,昼,ひる,낮,"noon, daytime",,
N5-0523,N5,昼御飯,ひるごはん,점심,midday meal,,
N5-0524,N5,広い,ひろい,넓은,"spacious,wide",,
N5-0525,N5,フィルム,フィルム,필름,roll of film,,
N5-0526,N5,封筒,ふうとう,봉투,envelope,,
N5-0527,N5,プール,プール,수영장,swimming pool,,
N5-0528,N5,フォーク,フォーク,포크,fork,,
N5-0529,N5,吹く,ふく,불다,to blow,,
N5-0530,N5,服,ふく,옷,clothes,,
N5-0531,N5,二つ,ふたつ,둘,two,,
N5-0532,N5,豚肉,ぶたにく,돼지 고기,pork,,
N5-0533,N5,二人,ふたり,두 사람,two people,,
N5-0534,N5,二日,ふつか,이틀,"two days, second day of the month",,
N5-0535,N5,太い,ふとい,굵다,fat,,
N5-0536,N5,冬,ふゆ,겨울,winter,,
N5-0537,N5,降る,ふる,내리다,"to fall, e.g. rain or snow",,
N5-0538,N5,古い,ふるい,오래되다,old (not used for people),,
N5-0539,N5,ふろ,ふろ,욕조,bath,,
N5-0540,N5,文章,ぶんしょう,문장,"sentence,text",,
N5-0541,N5,ページ,ページ,페이지,page,,
N5-0542,N5,下手,へた,어설픔,unskillful,,
N5-0543,N5,ベッド,ベッド,침대,bed,,
N5-0544,N5,ペット,ペット,애완 동물,pet,,
N5-0545,N5,部屋,へや,방,room,,
N5-0546,N5,辺,へん,지역,area,,
N5-0547,N5,ペン,ペン,펜,pen,,
N5-0548,N5,勉強する,べんきょうする,공부,to study,,
N5-0549,N5,便利,べんり,편리,"useful, convenient",,
N5-0550,N5,帽子,ぼうし,모자,hat,,
N5-0551,N5,ボールペン,ボールペン,볼펜,ball-point pen,,
N5-0552,N5,ほか,ほか,다른 것,"other, the rest",,
N5-0553,N5,ポケット,ポケット,포켓,pocket,,
N5-0554,N5,欲しい,ほしい,바라다,want,,
N5-0555,N5,ポスト,ポスト,우편,post,,
N5-0556,N5,細い,ほそい,얇은,thin,,
N5-0557,N5,ボタン,ボタン,버튼,button,,
N5-0558,N5,ホテル,ホテル,호텔,hotel,,
N5-0559,N5,本,ほん,책,book,,
N5-0560,N5,本棚,ほんだな,책장,bookshelves,,
N5-0561,N5,ほんとう,ほんとう,진실,truth,,
N5-0562,N5,毎朝,まいあさ,매일 아침,every morning,,
N5-0563,N5,毎月,まいげつ,매월,every month,,
N5-0564,N5,毎週,まいしゅう,매주,every week,,
N5-0565,N5,毎日,まいにち,매일,every day,,
N5-0566,N5,毎年,まいねん,매년,every year,,
N5-0567,N5,毎晩,まいばん,매일 밤,every night,,
N5-0568,N5,前,まえ,전,before,,
N5-0569,N5,曲る,まがる,구부리,"to turn,to bend",,
N5-0570,N5,まずい,まずい,맛이 없다,unpleasant,,
N5-0571,N5,また,また,다른 때,"again,and",,
N5-0572,N5,まだ,まだ,아직,"yet,still",,
N5-0573,N5,町,まち,마을,"town,city",,
N5-0574,N5,待つ,まつ,기다리다,to wait,,
N5-0575,N5,まっすぐ,まっすぐ,똑바로,"straight ahead,direct",,
N5-0576,N5,マッチ,マッチ,경기,match,,
N5-0577,N5,窓,まど,창문,window,,
N5-0578,N5,丸い,まるい,둥글다,"round,circular",,
N5-0579,N5,万,まん,만,ten thousand,,
N5-0580,N5,万年筆,まんねんひつ,만년필,fountain pen,,
N5-0581,N5,磨く,みがく,연마,"to brush teeth, to polish",,
N5-0582,N5,右,みぎ,오른쪽,right side,,
N5-0583,N5,短い,みじかい,짧다,short,,
N5-0584,N5,水,みず,물,water,,
N5-0585,N5,店,みせ,가게,shop,,
N5-0586,N5,見せる,みせる,보이다,to show,,
N5-0587,N5,道,みち,길,street,,
N5-0588,N5,三日,みっか,삼일,"three days, third day of the month",,
N5-0589,N5,三つ,みっつ,세,three,,
N5-0590,N5,緑,みどり,녹색,green,,
N5-0591,N5,皆さん,みなさん,여러분,everyone,,
N5-0592,N5,南,みなみ,남,south,,
N5-0593,N5,耳,みみ,귀,ear,,
N5-0594,N5,見る,みる,보다,"to see, to watch",,
N5-0595,N5,みんな,みんな,모두,everyone,,
N5-0596,N5,六日,むいか,6일,"six days, sixth day of the month",,
N5-0597,N5,向こう,むこう,저쪽,over there,,
N5-0598,N5,難しい,むずかしい,어렵다,difficult,,
N5-0599,N5,六つ,むっつ,여섯,six,,
N5-0600,N5,村,むら,마을,village,,
N5-0601,N5,目,め,눈,eye,,
N5-0602,N5,メートル,メートル,미터,metre,,
N5-0603,N5,眼鏡,めがね,안경,glasses,,
N5-0604,N5,もう,もう,벌써,already,,
N5-0605,N5,もう一度,もういちど,다시,again,,
N5-0606,N5,木曜日,もくようび,목요일,Thursday,,
N5-0607,N5,持つ,もつ,쥐다,to hold,,
N5-0608,N5,もっと,もっと,더,more,,
N5-0609,N5,物,もの,물건,thing,,
N5-0610,N5,門,もん,문,gate,,
N5-0611,N5,問題,もんだい,문제,problem,,
N5-0612,N5,八百屋,やおや,청과물,greengrocer,,
N5-0613,N5,野菜,やさい,야채,vegetable,,
N5-0614,N5,易しい,やさしい,쉽다,"easy, simple",,
N5-0615,N5,安い,やすい,싸다,cheap,,
N5-0616,N5,休み,やすみ,휴가,"rest,holiday",,
N5-0617,N5,休む,やすむ,쉬다,to rest,,
N5-0618,N5,八つ,やっつ,여덟,eight,,
N5-0619,N5,山,やま,산,mountain,,
N5-0620,N5,やる,やる,하다,to do,,
N5-0621,N5,夕方,ゆうがた,저녁,evening,,
N5-0622,N5,夕飯,ゆうはん,저녁밥,dinner,,
N5-0623,N5,郵便局,ゆうびんきょく,우체국,post office,,
N5-0624,N5,昨夜,ゆうべ,지난 밤,last night,,
N5-0625,N5,有名,ゆうめい,유명,famous,,
N5-0626,N5,雪,ゆき,눈,snow,,
N5-0627,N5,行く,ゆく,가다,to go,,
N5-0628,N5,ゆっくりと,ゆっくりと,천천히,slowly,,
N5-0629,N5,八日,ようか,8일,"eight days, eighth day of the month",,
N5-0630,N5,洋服,ようふく,옷,western-style clothes,,
N5-0631,N5,よく,よく,잘,"often, well",,
N5-0632,N5,横,よこ,옆,"beside,side,width",,
N5-0633,N5,四日,よっか,4일,"four days, fouth day of the month",,
N5-0634,N5,四つ,よっつ,넷,four,,
N5-0635,N5,呼ぶ,よぶ,부르다,"to call out,to invite",,
N5-0636,N5,読む,よむ,읽다,to read,,
N5-0637,N5,夜,よる,밤,"evening,night",,
N5-0638,N5,弱い,よわい,약한,weak,,
N5-0639,N5,来月,らいげつ,다음달,next month,,
N5-0640,N5,来週,らいしゅう,다음주,next week,,
N5-0641,N5,来年,らいねん,내년,next year,,
N5-0642,N5,ラジオ,ラジオ,라디오,radio,,
N5-0643,N5,ラジカセ,ラジカセ,카세트,radio cassette player,,
N5-0644,N5,りっぱ,りっぱ,훌륭함,splendid,,
N5-0645,N5,留学生,りゅうがくせい,유학생,overseas student,,
N5-0646,N5,両親,りょうしん,부모,both parents,,
N5-0647,N5,料理,りょうり,요리,cuisine,,
N5-0648,N5,旅行,りょこう,여행,travel,,
N5-0649,N5,零,れい,영,zero,,
N5-0650,N5,冷蔵庫,れいぞうこ,냉장고,refrigerator,,
N5-0651,N5,レコード,レコード,기록,record,,
N5-0652,N5,レストラン,レストラン,레스토랑,restaurant,,
N5-0653,N5,練習する,れんしゅうする,연습,to practice,,
N5-0654,N5,廊下,ろうか,복도,corridor,,
N5-0655,N5,六,ろく,육,six,,
N5-0656,N5,ワイシャツ,ワイシャツ,셔츠,business shirt,,
N5-0657,N5,若い,わかい,젊은,young,,
N5-0658,N5,分かる,わかる,알다,to be understood,,
N5-0659,N5,忘れる,わすれる,잊어 버리다,to forget,,
N5-0660,N5,私,わたくし,나,"(humble) I,myself",,
N5-0661,N5,私,わたし,나,"I,myself",,
N5-0662,N5,渡す,わたす,건네주다,to hand over,,
N5-0663,N5,渡る,わたる,건너다,to go across,,
N5-0664,N5,悪い,わるい,나쁘다,bad,,
N4-0001,N4,あいさつする,,인사하다,to greet,,
N4-0002,N4,間,,사이,a space,,
N4-0003,N4,合う,,맞는,to match,,
N4-0004,N4,あかちゃん,,아기,infant,,
N4-0005,N4,上がる,,오르다,to rise,,
N4-0006,N4,赤ん坊,,아기,baby,,
N4-0007,N4,空く,,비우다,"to open, to become empty",,
N4-0008,N4,アクセサリー,,액세서리,accessory,,
N4-0009,N4,あげる,,주다,to give,,
N4-0010,N4,浅い,,얕은,"shallow,superficial",,
N4-0011,N4,味,,맛,flavour,,
N4-0012,N4,アジア,,아시아,Asia,,
N4-0013,N4,明日,,내일,tomorrow,,
N4-0014,N4,遊び,,놀이,play,,
N4-0015,N4,集る,,모이다,to gather,,
N4-0016,N4,集める,,모으다,to collect something,,
N4-0017,N4,アナウンサー,,아나운서,announcer,,
N4-0018,N4,アフリカ,,아프리카,Africa,,
N4-0019,N4,アメリカ,,미국,America,,
N4-0020,N4,謝る,,사과하다,to apologize,,
N4-0021,N4,アルコール,,알코올,alcohol,,
N4-0022,N4,アルバイト,,아르바이트,part-time job,,
N4-0023,N4,安心,,안심,relief,,
N4-0024,N4,安全,,안전,safety,,
N4-0025,N4,あんな,,저런,such,,
N4-0026,N4,案内する,,안내하다,to guide,,
N4-0027,N4,以下,,이하,less than,,
N4-0028,N4,以外,,이외,with the exception of,,
N4-0029,N4,医学,,의학,medical science,,
N4-0030,N4,生きる,,살다,to live,,
N4-0031,N4,意見,,의견,opinion,,
N4-0032,N4,石,,돌,stone,,
N4-0033,N4,いじめる,,애타게하다,to tease,,
N4-0034,N4,以上,,이상,"more than,this is all",,
N4-0035,N4,急ぐ,,서두르다,to hurry,,
N4-0036,N4,致す,,가져오다,to do,,
N4-0037,N4,いただく,,받다,to receive,,
N4-0038,N4,一度,,일단,once,,
N4-0039,N4,一生懸命,,목숨 걸고 일함,with utmost effort,,
N4-0040,N4,いっぱい,,가득,full,,
N4-0041,N4,糸,,실,thread,,
N4-0042,N4,以内,,이내,within,,
N4-0043,N4,田舎,,시골,countryside,,
N4-0044,N4,祈る,,빌다,to pray,,
N4-0045,N4,いらっしゃる,,오시다,"to be,to come or to go",,
N4-0046,N4,植える,,심다,"to plant,to grow",,
N4-0047,N4,うかがう,,방문하다,to visit,,
N4-0048,N4,受付,,접수,receipt,,
N4-0049,N4,受ける,,받다,to take a lesson or test,,
N4-0050,N4,動く,,움직이다,to move,,
N4-0051,N4,うそ,,거짓말,a lie,,
N4-0052,N4,うち,,안쪽,within,,
N4-0053,N4,打つ,,때리다,to hit,,
N4-0054,N4,美しい,,아름다운,beautiful,,
N4-0055,N4,写す,,찍다,to copy or photograph,,
N4-0056,N4,移る,,이동하다,to move house or transfer,,
N4-0057,N4,腕,,팔,arm,,
N4-0058,N4,うまい,,맛있는,delicious,,
N4-0059,N4,裏,,뒷면,reverse side,,
N4-0060,N4,売り場,,매장,place where things are sold,,
N4-0061,N4,うれしい,,기쁜,glad,,
N4-0062,N4,うん,,예,yes,,
N4-0063,N4,運転する,,운전하다,to drive,,
N4-0064,N4,運転手,,운전수,driver,,
N4-0065,N4,運動する,,운동하다,to exercise,,
N4-0066,N4,エスカレーター,,에스컬레이터,escalator,,
N4-0067,N4,枝,,나뭇 가지,"branch, twig",,
N4-0068,N4,選ぶ,,선택하다,to choose,,
N4-0069,N4,遠慮する,,사양하다,to be restrained,,
N4-0070,N4,おいでになる,,오시다,to be,,
N4-0071,N4,お祝い,,축하,congratulation,,
N4-0072,N4,オートバイ,,오토바이,motorcycle,,
N4-0073,N4,おかげ,,덕분,owing to,,
N4-0074,N4,おかしい,,재미있는,strange or funny,,
N4-0075,N4,億,,일억,one hundred million,,
N4-0076,N4,屋上,,옥상,rooftop,,
N4-0077,N4,贈り物,,선물,gift,,
N4-0078,N4,送る,,보내다,to send,,
N4-0079,N4,遅れる,,늦다,to be late,,
N4-0080,N4,起す,,깨우다,to wake,,
N4-0081,N4,行う,,하다,to do,,
N4-0082,N4,怒る,,화내다,"to get angry,to be angry",,
N4-0083,N4,押し入れ,,옷장,closet,,
N4-0084,N4,お嬢さん,,아가씨,young lady,,
N4-0085,N4,お宅,,댁,your house,,
N4-0086,N4,落ちる,,떨어지다,to fall or drop,,
N4-0087,N4,おっしゃる,,말씀하시다,to say,,
N4-0088,N4,夫,,남편,husband,,
N4-0089,N4,おつり,,잔돈,"change from purchase, balance",,
N4-0090,N4,音,,소리,"sound,note",,
N4-0091,N4,落す,,떨어 뜨리다,to drop,,
N4-0092,N4,踊り,,춤,a dance,,
N4-0093,N4,踊る,,춤추다,to dance,,
N4-0094,N4,驚く,,놀라다,to be surprised,,
N4-0095,N4,お祭り,,축제,festival,,
N4-0096,N4,お見舞い,,병문안,"calling on someone who is ill,enquiry",,
N4-0097,N4,お土産,,기념품,souvenir,,
N4-0098,N4,思い出す,,기억하다,to remember,,
N4-0099,N4,思う,,생각하다,"to think,to feel",,
N4-0100,N4,おもちゃ,,장난감,toy,,
N4-0101,N4,表,,표면,the front,,
N4-0102,N4,親,,부모,parents,,
N4-0103,N4,下りる,,내리다,to get off,,
N4-0104,N4,折る,,접다,to fold,,
N4-0105,N4,お礼,,사례,expression of gratitude,,
N4-0106,N4,折れる,,접히다,to be folded,,
N4-0107,N4,終わり,,끝,the end,,
N4-0108,N4,カーテン,,커튼,curtain,,
N4-0109,N4,海岸,,해안,coast,,
N4-0110,N4,会議,,회의,meeting,,
N4-0111,N4,会議室,,회의실,meeting room,,
N4-0112,N4,会場,,회의장,meeting place,,
N4-0113,N4,会話,,대화,conversation,,
N4-0114,N4,帰り,,귀가,return,,
N4-0115,N4,変える,,바꾸다,to change,,
N4-0116,N4,科学,,과학,science,,
N4-0117,N4,鏡,,거울,mirror,,
N4-0118,N4,掛ける,,걸다,to hang something,,
N4-0119,N4,飾る,,꾸미다,to decorate,,
N4-0120,N4,火事,,화재,fire,,
N4-0121,N4,ガス,,가스,petrol,,
N4-0122,N4,ガソリン,,가솔린,petrol,,
N4-0123,N4,ガソリンスタンド,,주유소,petrol station,,
N4-0124,N4,堅い,,단단한,hard,,
N4-0125,N4,形,,형태,shape,,
N4-0126,N4,片付ける,,정리하다,to tidy up,,
N4-0127,N4,課長,,과장,section manager,,
N4-0128,N4,勝つ,,이기다,to win,,
N4-0129,N4,かっこう,,모습,appearance,,
N4-0130,N4,家内,,아내,housewife,,
N4-0131,N4,悲しい,,슬픈,sad,,
N4-0132,N4,必ず,,반드시,certainly,,
N4-0133,N4,お金持ち,,부자,rich man,,
N4-0134,N4,彼女,,그녀,she,,
N4-0135,N4,壁,,벽,wall,,
N4-0136,N4,かまう,,마음을 쓰다,to mind,,
N4-0137,N4,髪,,머리,hair,,
N4-0138,N4,噛む,,씹다,to chew,,
N4-0139,N4,通う,,다니다,to commute,,
N4-0140,N4,ガラス,,유리,a glass pane,,
N4-0141,N4,彼,,그,"he,boyfriend",,
N4-0142,N4,彼ら,,그들,they,,
N4-0143,N4,乾く,,건조하다,to get dry,,
N4-0144,N4,代わり,,대신,substitute,,
N4-0145,N4,変わる,,바꾸다,to change,,
N4-0146,N4,考える,,고려하다,to consider,,
N4-0147,N4,関係,,관계,relationship,,
N4-0148,N4,看護婦,,간호사,female nurse,,
N4-0149,N4,簡単,,간단,simple,,
N4-0150,N4,気,,신경,"spirit,mood",,
N4-0151,N4,機会,,기회,opportunity,,
N4-0152,N4,危険,,위험,danger,,
N4-0153,N4,聞こえる,,들리다,to be heard,,
N4-0154,N4,汽車,,기차,steam train,,
N4-0155,N4,技術,,기술,"art,technology,skill",,
N4-0156,N4,季節,,계절,season,,
N4-0157,N4,規則,,규칙,regulations,,
N4-0158,N4,きっと,,반드시,surely,,
N4-0159,N4,絹,,실크,silk,,
N4-0160,N4,厳しい,,엄격한,strict,,
N4-0161,N4,気分,,기분,mood,,
N4-0162,N4,決る,,결정되다,to be decided,,
N4-0163,N4,君,,너,You,,
N4-0164,N4,決める,,결정하다,to decide,,
N4-0165,N4,気持ち,,마음,"feeling,mood",,
N4-0166,N4,着物,,일본 옷,kimono,,
N4-0167,N4,客,,고객,"guest,customer",,
N4-0168,N4,急,,갑자기,"urgent, steep",,
N4-0169,N4,急行,,급행,"speedy, express",,
N4-0170,N4,教育,,교육,education,,
N4-0171,N4,教会,,교회,church,,
N4-0172,N4,競争,,경쟁,competition,,
N4-0173,N4,興味,,흥미,an interest,,
N4-0174,N4,近所,,인근,neighbourhood,,
N4-0175,N4,具合,,상태,"condition,health",,
N4-0176,N4,空気,,공기,"air,atmosphere",,
N4-0177,N4,空港,,공항,airport,,
N4-0178,N4,草,,잔디,grass,,
N4-0179,N4,くださる,,주시다,to give,,
N4-0180,N4,首,,목,neck,,
N4-0181,N4,雲,,구름,cloud,,
N4-0182,N4,比べる,,비교하다,to compare,,
N4-0183,N4,くれる,,주다,to give,,
N4-0184,N4,暮れる,,저물다,"to get dark,to come to an end",,
N4-0185,N4,君,,너,suffix for familiar young male,,
N4-0186,N4,毛,,머리카락,hair or fur,,
N4-0187,N4,計画する,,계획하다,to plan,,
N4-0188,N4,経験する,,경험하다,to experience,,
N4-0189,N4,経済,,경제,"finance,economy",,
N4-0190,N4,警察,,경찰,police,,
N4-0191,N4,ケーキ,,케이크,cake,,
N4-0192,N4,けがする,,다치다,to injure,,
N4-0193,N4,景色,,전망,"scene,landscape",,
N4-0194,N4,消しゴム,,지우개,eraser,,
N4-0195,N4,下宿,,하숙,lodging,,
N4-0196,N4,決して,,결코,never,,
N4-0197,N4,けれど,,그렇지만,however,,
N4-0198,N4,原因,,원인,"cause,source",,
N4-0199,N4,けんかする,,싸움하다,to quarrel,,
N4-0200,N4,研究,,연구,research,,
N4-0201,N4,研究室,,연구실,"study room,laboratory",,
N4-0202,N4,見物,,구경,sightseeing,,
N4-0203,N4,子,,아이,child,,
N4-0204,N4,こう,,이렇게,this way,,
N4-0205,N4,郊外,,교외,outskirts,,
N4-0206,N4,講義,,강의,lecture,,
N4-0207,N4,工業,,공업,the manufacturing industry,,
N4-0208,N4,高校,,고등학교,high school,,
N4-0209,N4,高校生,,고교생,high school student,,
N4-0210,N4,工場,,공장,factory,,
N4-0211,N4,校長,,교장,headmaster,,
N4-0212,N4,交通,,교통,"traffic,transportation",,
N4-0213,N4,講堂,,강당,auditorium,,
N4-0214,N4,高等学校,,고등학교,high school,,
N4-0215,N4,公務員,,공무원,government worker,,
N4-0216,N4,国際,,국제,international,,
N4-0217,N4,心,,마음,"core,heart",,
N4-0218,N4,御主人,,주인님,your husband,,
N4-0219,N4,故障する,,고장나다,to break-down,,
N4-0220,N4,ご存じ,,알고 계심,"knowing,acquaintance",,
N4-0221,N4,答,,답,response,,
N4-0222,N4,ごちそう,,잔치,a feast,,
N4-0223,N4,こと,,일,"thing,matter",,
N4-0224,N4,小鳥,,작은 새,small bird,,
N4-0225,N4,このあいだ,,전날,"the other day,recently",,
N4-0226,N4,このごろ,,요즈음,"these days,nowadays",,
N4-0227,N4,細かい,,미세한,"small, fine",,
N4-0228,N4,ごみ,,쓰레기,rubbish,,
N4-0229,N4,込む,,혼잡하다,to be crowded,,
N4-0230,N4,米,,쌀,uncooked rice,,
N4-0231,N4,ごらんになる,,보시다,to see,,
N4-0232,N4,これから,,앞으로,after this,,
N4-0233,N4,怖い,,무서운,frightening,,
N4-0234,N4,壊す,,부수다,to break,,
N4-0235,N4,壊れる,,깨지다,to be broken,,
N4-0236,N4,コンサート,,콘서트,concert,,
N4-0237,N4,今度,,이번,"now,next time",,
N4-0238,N4,コンピュータ,,컴퓨터,computer,,
N4-0239,N4,今夜,,오늘 밤,tonight,,
N4-0240,N4,最近,,최근,"latest,nowadays",,
N4-0241,N4,最後,,마지막,"last,end",,
N4-0242,N4,最初,,처음,"beginning,first",,
N4-0243,N4,坂,,비탈길,"slope,hill",,
N4-0244,N4,探す,,찾다,to look for,,
N4-0245,N4,下がる,,내리다,to get down,,
N4-0246,N4,盛ん,,활발,"popularity,prosperous",,
N4-0247,N4,下げる,,내리다,to lower,,
N4-0248,N4,差し上げる,,드리다,to give,,
N4-0249,N4,さっき,,아까,some time ago,,
N4-0250,N4,寂しい,,외로운,lonely,,
N4-0251,N4,さ来月,,다음 달,the month after next,,
N4-0252,N4,さ来週,,다음주,the week after next,,
N4-0253,N4,サラダ,,샐러드,salad,,
N4-0254,N4,騒ぐ,,떠들다,"to make noise,to be excited",,
N4-0255,N4,触る,,만지다,to touch,,
N4-0256,N4,産業,,산업,industry,,
N4-0257,N4,サンダル,,샌들,sandal,,
N4-0258,N4,サンドイッチ,,샌드위치,sandwich,,
N4-0259,N4,残念,,유감,disappointment,,
N4-0260,N4,市,,도시,city,,
N4-0261,N4,字,,글자,character,,
N4-0262,N4,試合,,시합,"match,game",,
N4-0263,N4,仕方,,방법,method,,
N4-0264,N4,しかる,,꾸짖다,to scold,,
N4-0265,N4,試験,,시험,examination,,
N4-0266,N4,事故,,사고,accident,,
N4-0267,N4,地震,,지진,earthquake,,
N4-0268,N4,時代,,시대,era,,
N4-0269,N4,下着,,속옷,underwear,,
N4-0270,N4,支度する,,준비하다,to prepare,,
N4-0271,N4,しっかり,,제대로,"firmly,steadily",,
N4-0272,N4,失敗,,실패,"failure,mistake",,
N4-0273,N4,辞典,,사전,dictionary,,
N4-0274,N4,品物,,물건,goods,,
N4-0275,N4,しばらく,,잠깐,little while,,
N4-0276,N4,島,,섬,island,,
N4-0277,N4,市民,,시민,citizen,,
N4-0278,N4,事務所,,사무실,office,,
N4-0279,N4,社会,,사회,"society,public",,
N4-0280,N4,社長,,사장,company president,,
N4-0281,N4,じゃま,,방해,"hindrance,intrusion",,
N4-0282,N4,ジャム,,잼,jam,,
N4-0283,N4,自由,,자유,freedom,,
N4-0284,N4,習慣,,습관,"custom,manners",,
N4-0285,N4,住所,,주소,"an address,a residence",,
N4-0286,N4,柔道,,유도,judo,,
N4-0287,N4,十分,,충분히,enough,,
N4-0288,N4,出席する,,참석하다,to attend,,
N4-0289,N4,出発する,,출발하다,to depart,,
N4-0290,N4,趣味,,취미,hobby,,
N4-0291,N4,準備する,,준비하다,to prepare,,
N4-0292,N4,紹介,,소개,introduction,,
N4-0293,N4,小学校,,초등학교,elementary school,,
N4-0294,N4,小説,,소설,novel,,
N4-0295,N4,招待する,,초대하다,to invite,,
N4-0296,N4,承知する,,승낙하다,to consent,,
N4-0297,N4,将来,,장래,"future,prospects",,
N4-0298,N4,食事する,,식사하다,to have a meal,,
N4-0299,N4,食料品,,식료품,groceries,,
N4-0300,N4,女性,,여성,woman,,
N4-0301,N4,知らせる,,알리다,to notify,,
N4-0302,N4,調べる,,조사하다,to investigate,,
N4-0303,N4,人口,,인구,population,,
N4-0304,N4,神社,,신사,Shinto shrine,,
N4-0305,N4,親切,,친절,kindness,,
N4-0306,N4,心配する,,걱정하다,to worry,,
N4-0307,N4,新聞社,,신문사,newspaper company,,
N4-0308,N4,水泳,,수영,swimming,,
N4-0309,N4,水道,,수도,water supply,,
N4-0310,N4,ずいぶん,,대단히,extremely,,
N4-0311,N4,数学,,수학,"mathematics,arithmetic",,
N4-0312,N4,スーツ,,정장,suit,,
N4-0313,N4,スーツケース,,가방,suitcase,,
N4-0314,N4,過ぎる,,지나다,to exceed,,
N4-0315,N4,すく,,속이 비다,to become empty,,
N4-0316,N4,スクリーン,,스크린,screen,,
N4-0317,N4,凄い,,굉장한,terrific,,
N4-0318,N4,進む,,진행하다,to make progress,,
N4-0319,N4,すっかり,,완전히,completely,,
N4-0320,N4,すっと,,갑자기,all of a sudden,,
N4-0321,N4,ステーキ,,스테이크,steak,,
N4-0322,N4,捨てる,,버리다,to throw away,,
N4-0323,N4,ステレオ,,스테레오,stereo,,
N4-0324,N4,砂,,모래,sand,,
N4-0325,N4,すばらしい,,훌륭한,wonderful,,
N4-0326,N4,滑る,,미끄러지다,"to slide,to slip",,
N4-0327,N4,隅,,모서리,"corner,nook",,
N4-0328,N4,済む,,끝나다,to finish,,
N4-0329,N4,すり,,소매치기,pickpocket,,
N4-0330,N4,すると,,그러자,then,,
N4-0331,N4,生活する,,생활하다,to live,,
N4-0332,N4,生産する,,생산하다,to produce,,
N4-0333,N4,政治,,정치,"politics,government",,
N4-0334,N4,西洋,,서양,western countries,,
N4-0335,N4,世界,,세계,the world,,
N4-0336,N4,席,,좌석,seat,,
N4-0337,N4,説明,,설명,explanation,,
N4-0338,N4,背中,,등,back of the body,,
N4-0339,N4,ぜひ,,꼭,without fail,,
N4-0340,N4,世話する,,돌보다,to look after,,
N4-0341,N4,線,,선,line,,
N4-0342,N4,ぜんぜん,,전혀,not entirely,,
N4-0343,N4,戦争,,전쟁,war,,
N4-0344,N4,先輩,,선배,senior,,
N4-0345,N4,そう,,정말,really,,
N4-0346,N4,相談する,,상담하다,to discuss,,
N4-0347,N4,育てる,,육성하다,"to rear,to bring up",,
N4-0348,N4,卒業,,졸업,graduation,,
N4-0349,N4,祖父,,할아버지,grandfather,,
N4-0350,N4,ソフト,,소프트,soft,,
N4-0351,N4,祖母,,할머니,grandmother,,
N4-0352,N4,それで,,그래서,because of that,,
N4-0353,N4,それに,,게다가,moreover,,
N4-0354,N4,それほど,,그 정도로,to that extent,,
N4-0355,N4,そろそろ,,슬슬,"gradually,soon",,
N4-0356,N4,そんな,,그런,that sort of,,
N4-0357,N4,そんなに,,그렇게,"so much,like that",,
N4-0358,N4,退院する,,퇴원하다,to leave hospital,,
N4-0359,N4,大学生,,대학생,university student,,
N4-0360,N4,大事,,중요,"important,valuable,serious matter",,
N4-0361,N4,大体,,대략,generally,,
N4-0362,N4,たいてい,,대부분,usually,,
N4-0363,N4,タイプ,,유형,"type,style",,
N4-0364,N4,大分,,상당히,greatly,,
N4-0365,N4,台風,,태풍,typhoon,,
N4-0366,N4,倒れる,,쓰러지다,to break down,,
N4-0367,N4,だから,,그래서,"so,therefore",,
N4-0368,N4,確か,,확실함,definite,,
N4-0369,N4,足す,,더하다,to add a number,,
N4-0370,N4,訪ねる,,방문하다,to visit,,
N4-0371,N4,尋ねる,,묻다,to ask,,
N4-0372,N4,正しい,,올바른,correct,,
N4-0373,N4,畳,,다다미,Japanese straw mat,,
N4-0374,N4,立てる,,세우다,to stand something up,,
N4-0375,N4,建てる,,짓다,to build,,
N4-0376,N4,例えば,,예를 들어,for example,,
N4-0377,N4,棚,,선반,shelves,,
N4-0378,N4,楽しみ,,즐거움,joy,,
N4-0379,N4,楽しむ,,즐기다,to enjoy oneself,,
N4-0380,N4,たまに,,가끔,occasionally,,
N4-0381,N4,為,,위해,in order to,,
N4-0382,N4,だめ,,안돼,no good,,
N4-0383,N4,足りる,,충분하다,to be enough,,
N4-0384,N4,男性,,남성,male,,
N4-0385,N4,暖房,,난방,heating,,
N4-0386,N4,血,,피,blood,,
N4-0387,N4,チェックする,,확인하다,to check,,
N4-0388,N4,力,,힘,"strength,power",,
N4-0389,N4,ちっとも,,조금도,not at all,,
N4-0390,N4,ちゃん,,여성 호칭,suffix for female,,
N4-0391,N4,注意,,주의,caution,,
N4-0392,N4,中学校,,중학교,"junior high school,middle school",,
N4-0393,N4,注射,,주사,injection,,
N4-0394,N4,駐車場,,주차장,parking lot,,
N4-0395,N4,地理,,지리,geography,,
N4-0396,N4,捕まえる,,붙잡다,to seize,,
N4-0397,N4,つき,,달,moon,,
N4-0398,N4,付く,,달라붙다,to be attached,,
N4-0399,N4,漬ける,,담그다,"to soak,to pickle",,
N4-0400,N4,都合,,사정,"circumstances,convenience",,
N4-0401,N4,伝える,,전하다,to report,,
N4-0402,N4,続く,,계속되다,to be continued,,
N4-0403,N4,続ける,,계속하다,to continue,,
N4-0404,N4,包む,,싸다,to wrap,,
N4-0405,N4,妻,,아내,wife,,
N4-0406,N4,つもり,,의도,intention,,
N4-0407,N4,釣る,,낚다,to fish,,
N4-0408,N4,連れる,,동행하다,to lead,,
N4-0409,N4,丁寧,,친절,polite,,
N4-0410,N4,テキスト,,텍스트,"text,text book",,
N4-0411,N4,適当,,적당,suitability,,
N4-0412,N4,できるだけ,,가능한 한 많이,as much as possible,,
N4-0413,N4,手伝う,,돕다,to assist,,
N4-0414,N4,テニス,,테니스,tennis,,
N4-0415,N4,手袋,,장갑,glove,,
N4-0416,N4,寺,,사원,temple,,
N4-0417,N4,点,,점,"point,dot",,
N4-0418,N4,店員,,점원,shop assistant,,
N4-0419,N4,天気予報,,날씨 예보,weather forecast,,
N4-0420,N4,電灯,,전등,electric light,,
N4-0421,N4,電報,,전보,telegram,,
N4-0422,N4,展覧会,,전시회,exhibition,,
N4-0423,N4,都,,도시,metropolitan,,
N4-0424,N4,道具,,도구,"tool,means",,
N4-0425,N4,とうとう,,드디어,"finally, after all",,
N4-0426,N4,動物園,,동물원,zoo,,
N4-0427,N4,遠く,,먼,distant,,
N4-0428,N4,通る,,지나다,to go through,,
N4-0429,N4,特に,,특히,"particularly,especially",,
N4-0430,N4,特別,,특별,special,,
N4-0431,N4,とこや,,이발사,barber,,
N4-0432,N4,途中,,도중,on the way,,
N4-0433,N4,特急,,특급,limited express train,,
N4-0434,N4,届ける,,닿다,to reach,,
N4-0435,N4,泊まる,,머물다,to lodge at,,
N4-0436,N4,止める,,중지하다,to stop something,,
N4-0437,N4,取り替える,,바꾸다,to exchange,,
N4-0438,N4,泥棒,,도둑,thief,,
N4-0439,N4,どんどん,,점점,more and more,,
N4-0440,N4,直す,,고치다,"to fix,to repair",,
N4-0441,N4,直る,,고쳐지다,"to be fixed,to be repaired",,
N4-0442,N4,治る,,낫다,"to be cured,to heal",,
N4-0443,N4,中々,,꽤,considerably,,
N4-0444,N4,泣く,,울다,to weep,,
N4-0445,N4,無くなる,,없어지다,"to disappear,to get lost",,
N4-0446,N4,亡くなる,,죽다,to die,,
N4-0447,N4,投げる,,던지다,to throw or cast away,,
N4-0448,N4,なさる,,하시다,to do,,
N4-0449,N4,鳴る,,울리다,to sound,,
N4-0450,N4,なるべく,,가급적,as much as possible,,
N4-0451,N4,なるほど,,과연,now I understand,,
N4-0452,N4,慣れる,,익숙해지다,to grow accustomed to,,
N4-0453,N4,におい,,냄새,a smell,,
N4-0454,N4,苦い,,쓴,bitter,,
N4-0455,N4,二階建て,,이층,two storied,,
N4-0456,N4,逃げる,,도망치다,to escape,,
N4-0457,N4,日記,,일기,journal,,
N4-0458,N4,入院する,,입원하다,to hospitalise,,
N4-0459,N4,入学する,,입학하다,to enter school or university,,
N4-0460,N4,似る,,비슷하다,to be similar,,
N4-0461,N4,人形,,인형,"doll, figure",,
N4-0462,N4,盗む,,훔치다,to steal,,
N4-0463,N4,塗る,,바르다,"to paint,to plaster",,
N4-0464,N4,ぬれる,,젖다,to get wet,,
N4-0465,N4,ねだん,,가격,price,,
N4-0466,N4,熱,,열,fever,,
N4-0467,N4,ねっしん,,열심,enthusiasm,,
N4-0468,N4,寝坊,,늦잠,sleeping in late,,
N4-0469,N4,眠い,,졸린,sleepy,,
N4-0470,N4,眠る,,자다,to sleep,,
N4-0471,N4,残る,,남다,to remain,,
N4-0472,N4,のど,,목,throat,,
N4-0473,N4,乗り換える,,환승하다,to change between buses or trains,,
N4-0474,N4,乗り物,,놀이기구,vehicle,,
N4-0475,N4,葉,,잎,leaf,,
N4-0476,N4,場合,,경우,situation,,
N4-0477,N4,パート,,아르바이트,part time,,
N4-0478,N4,倍,,배,double,,
N4-0479,N4,拝見する,,보다,to look at,,
N4-0480,N4,歯医者,,치과,dentist,,
N4-0481,N4,運ぶ,,운반하다,to transport,,
N4-0482,N4,始める,,시작하다,to begin,,
N4-0483,N4,場所,,장소,location,,
N4-0484,N4,はず,,할 것,it should be so,,
N4-0485,N4,恥ずかしい,,부끄러운,embarrassed,,
N4-0486,N4,パソコン,,컴퓨터,personal computer,,
N4-0487,N4,発音,,발음,pronunciation,,
N4-0488,N4,はっきり,,분명히,clearly,,
N4-0489,N4,花見,,꽃놀이,cherry-blossom viewing,,
N4-0490,N4,林,,숲,"woods,forester",,
N4-0491,N4,払う,,지불하다,to pay,,
N4-0492,N4,番組,,프로그램,television or radio program,,
N4-0493,N4,反対,,반대,opposition,,
N4-0494,N4,ハンドバッグ,,핸드백,handbag,,
N4-0495,N4,日,,일,"day, sun",,
N4-0496,N4,火,,불,fire,,
N4-0497,N4,ピアノ,,피아노,piano,,
N4-0498,N4,冷える,,추워지다,to grow cold,,
N4-0499,N4,光,,빛,light,,
N4-0500,N4,光る,,빛나다,"to shine,to glitter",,
N4-0501,N4,引き出し,,서랍,"drawer,drawing out",,
N4-0502,N4,引き出す,,인출하다,to withdraw,,
N4-0503,N4,ひげ,,수염,beard,,
N4-0504,N4,飛行場,,비행장,airport,,
N4-0505,N4,久しぶり,,오랜만에,after a long time,,
N4-0506,N4,美術館,,미술관,art gallery,,
N4-0507,N4,非常に,,매우,extremely,,
N4-0508,N4,びっくりする,,깜짝 놀라다,to be surprised,,
N4-0509,N4,引っ越す,,이사하다,to move house,,
N4-0510,N4,必要,,필요,necessary,,
N4-0511,N4,ひどい,,심한,awful,,
N4-0512,N4,開く,,열다,to open an event,,
N4-0513,N4,ビル,,빌딩,building or bill,,
N4-0514,N4,昼間,,주간,"daytime,during the day",,
N4-0515,N4,昼休み,,점심 시간,noon break,,
N4-0516,N4,拾う,,골라내다,"to pick up,to gather",,
N4-0517,N4,ファックス,,팩스,fax,,
N4-0518,N4,増える,,증가하다,to increase,,
N4-0519,N4,深い,,깊은,deep,,
N4-0520,N4,複雑,,복잡,"complexity,complication",,
N4-0521,N4,復習,,복습,revision,,
N4-0522,N4,部長,,부장,head of a section,,
N4-0523,N4,普通,,보통,"usually, or a train that stops at every station",,
N4-0524,N4,ぶどう,,포도,grapes,,
N4-0525,N4,太る,,살찌다,to become fat,,
N4-0526,N4,布団,,이불,"Japanese bedding, futon",,
N4-0527,N4,舟,,배,ship,,
N4-0528,N4,不便,,불편,inconvenience,,
N4-0529,N4,踏む,,밟다,to step on,,
N4-0530,N4,降り出す,,비가 오기 시작하다,to start to rain,,
N4-0531,N4,プレゼント,,선물,present,,
N4-0532,N4,文化,,문화,culture,,
N4-0533,N4,文学,,문학,literature,,
N4-0534,N4,文法,,문법,grammar,,
N4-0535,N4,別,,차이,different,,
N4-0536,N4,ベル,,벨,bell,,
N4-0537,N4,変,,이상함,strange,,
N4-0538,N4,返事,,답변,reply,,
N4-0539,N4,貿易,,무역,trade,,
N4-0540,N4,放送する,,방송하다,to broadcast,,
N4-0541,N4,法律,,법률,law,,
N4-0542,N4,僕,,나,I,,
N4-0543,N4,星,,별,star,,
N4-0544,N4,ほど,,정도,extent,,
N4-0545,N4,ほとんど,,대부분,mostly,,
N4-0546,N4,ほめる,,칭찬하다,to praise,,
N4-0547,N4,翻訳,,번역,translation,,
N4-0548,N4,参る,,"가다,오다","to go,to come",,
N4-0549,N4,負ける,,지다,to lose,,
N4-0550,N4,まじめ,,진심,serious,,
N4-0551,N4,まず,,우선,first of all,,
N4-0552,N4,または,,또는,"or,otherwise",,
N4-0553,N4,間違える,,실수하다,to make a mistake,,
N4-0554,N4,間に合う,,제시간에 대다,to be in time for,,
N4-0555,N4,周り,,주위,surroundings,,
N4-0556,N4,回る,,돌아가다,to go around,,
N4-0557,N4,漫画,,만화,comic,,
N4-0558,N4,真中,,한가운데,middle,,
N4-0559,N4,見える,,보이다,to be in sight,,
N4-0560,N4,湖,,호수,lake,,
N4-0561,N4,味噌,,된장,bean paste,,
N4-0562,N4,見つかる,,발견되다,to be discovered,,
N4-0563,N4,見つける,,발견하다,to discover,,
N4-0564,N4,皆,,모두,everybody,,
N4-0565,N4,港,,항구,harbour,,
N4-0566,N4,向かう,,향하다,to face,,
N4-0567,N4,迎える,,맞이하다,to go out to meet,,
N4-0568,N4,昔,,옛날,"olden days, former",,
N4-0569,N4,虫,,벌레,insect,,
N4-0570,N4,息子,,아들,son,,
N4-0571,N4,娘,,딸,daughter,,
N4-0572,N4,無理,,무리,impossible,,
N4-0573,N4,召し上がる,,드시다,to eat,,
N4-0574,N4,珍しい,,드문,rare,,
N4-0575,N4,申し上げる,,말씀드리다,"to say,to tell",,
N4-0576,N4,申す,,말하다,"to be called,to say",,
N4-0577,N4,もうすぐ,,곧,soon,,
N4-0578,N4,もし,,만약,if,,
N4-0579,N4,もちろん,,물론,of course,,
N4-0580,N4,もっとも,,가장,extremely,,
N4-0581,N4,戻る,,돌아 가다,to turn back,,
N4-0582,N4,木綿,,면직물,cotton,,
N4-0583,N4,もらう,,받다,to receive,,
N4-0584,N4,森,,숲,forest,,
N4-0585,N4,焼く,,굽다,"to bake,to grill",,
N4-0586,N4,約束,,약속,promise,,
N4-0587,N4,役に立つ,,도움이 되다,to be helpful,,
N4-0588,N4,焼ける,,구워지다,"to burn,to be roasted",,
N4-0589,N4,優しい,,부드러운,kind,,
N4-0590,N4,痩せる,,여위다,to become thin,,
N4-0591,N4,やっと,,겨우,at last,,
N4-0592,N4,やはり,,역시,"as I thought,absolutely",,
N4-0593,N4,止む,,멈추다,to stop,,
N4-0594,N4,止める,,멈추다,to stop,,
N4-0595,N4,柔らかい,,부드러운,soft,,
N4-0596,N4,湯,,뜨거운 물,hot water,,
N4-0597,N4,輸出する,,수출하다,to export,,
N4-0598,N4,輸入する,,수입하다,to import,,
N4-0599,N4,指,,손가락,finger,,
N4-0600,N4,指輪,,반지,finger ring,,
N4-0601,N4,夢,,꿈,dream,,
N4-0602,N4,揺れる,,흔들리다,"to shake,to sway",,
N4-0603,N4,用,,용도,use,,
N4-0604,N4,用意,,준비,preparation,,
N4-0605,N4,用事,,용무,things to do,,
N4-0606,N4,汚れる,,더러워지다,to get dirty,,
N4-0607,N4,予習,,예습,preparation for a lesson,,
N4-0608,N4,予定,,예정,arrangement,,
N4-0609,N4,予約,,예약,reservation,,
N4-0610,N4,寄る,,들리다,to visit,,
N4-0611,N4,喜ぶ,,기뻐하다,to be delighted,,
N4-0612,N4,よろしい,,좋다,"OK,all right",,
N4-0613,N4,理由,,이유,reason,,
N4-0614,N4,利用,,이용,utilization,,
N4-0615,N4,両方,,모두,both sides,,
N4-0616,N4,旅館,,여관,Japanese hotel,,
N4-0617,N4,留守,,부재중,absence,,
N4-0618,N4,冷房,,냉방,air conditioning,,
N4-0619,N4,歴史,,역사,history,,
N4-0620,N4,レジ,,레지스터,register,,
N4-0621,N4,レポート,,보고서,report,,
N4-0622,N4,連絡,,연락,contact,,
N4-0623,N4,ワープロ,,워드 프로세서,word processor,,
N4-0624,N4,沸かす,,끓이다,"to boil,to heat",,
N4-0625,N4,別れる,,헤어지다,to separate,,
N4-0626,N4,沸く,,끓다,"to boil, to grow hot,to get excited",,
N4-0627,N4,訳,,의미,"meaning,reason",,
N4-0628,N4,忘れ物,,분실물,lost article,,
N4-0629,N4,笑う,,웃다,"to laugh,to smile",,
N4-0630,N4,割合,,비율,"rate,ratio,percentage",,
N4-0631,N4,割れる,,부수다,to break,,
N4-0632,N4,泳ぎ方,,수영하는 방법,way of swimming,,
N3-V-0001,N3,諦める,あきらめる,포기하다,"to give up; to abandon (hope, plans); to resign oneself (to)",동사,
N3-V-0002,N3,集まる,あつまる,모이다 (자동사),to gather; to collect; to assemble,동사,
N3-V-0003,N3,集める,あつめる,모으다 (타동사),to collect; to assemble; to gather,동사,
N3-V-0004,N3,現れる,あらわれる,"나타나다, 드러나다",to appear; to come in sight; to become visible,동사,
N3-V-0005,N3,怒る,おこる,"화내다, 꾸짖다",to get angry; to get mad; to lose one's temper,동사,
N3-V-0006,N3,⾏う,おこなう,"행하다, 실시하다",the Rabbit (fourth sign of the Chinese zodiac); the Hare,동사,
N3-V-0007,N3,贈る,おくる,"보내다, 선물하다",to give (as a gift); to present,동사,
N3-V-0008,N3,落ち込む,おちこむ,"우울해지다, 침울해지다",to feel down; to feel sad; to be depressed,동사,
N3-V-0009,N3,思い出る,おもいだす,"생각해내다, 기억해내다",thought,동사,
N3-V-0010,N3,⽚付く,かたづく,"정리되다, 해결되다",to be attached; to be connected with; to adhere,동사,
N3-V-0011,N3,完成する,かんせいする,완성하다,completion; perfection; accomplishment,동사,
N3-V-0012,N3,気がつく,きがつく,"깨닫다, 눈치채다",to notice; to realize; to realise,동사,
N3-V-0013,N3,決まる,きまる,결정되다 (자동사),to be decided; to be settled; to be fixed,동사,
N3-V-0014,N3,決める,きめる,결정하다 (타동사),to decide; to choose; to determine,동사,
N3-V-0015,N3,⽐べる,くらべる,비교하다,verb-forming suffix,동사,
N3-V-0016,N3,経験する,けいけんする,경험하다,experience,동사,
N3-V-0017,N3,進む,すすむ,"나아가다, 진행되다 (자동사)",to advance; to go forward,동사,
N3-V-0018,N3,進める,すすめる,진행시키다 (타동사),"to advance; to move forward; to put (a clock, watch) forward",동사,
N3-V-0019,N3,育てる,そだてる,"키우다, 육성하다",to raise; to rear; to bring up,동사,
N3-V-0020,N3,達する,たっする,"도달하다, 이르다",to reach; to get to; to arrive at,동사,
N3-V-0021,N3,助ける,たすける,"돕다, 구하다",to save; to rescue; to spare,동사,
N3-V-0022,N3,試す,ためす,"시험하다, 시도하다",to try (out); to have a try (at); to test,동사,
N3-V-0023,N3,頼る,たよる,"의지하다, 믿다",to rely on; to depend on; to count on,동사,
N3-V-0024,N3,伝える,つたえる,"전하다, 알리다",to convey; to report; to transmit,동사,
N3-V-0025,N3,続ける,つづける,계속하다,to continue; to keep up; to keep on,동사,
N3-V-0026,N3,延ばす,のばす,"(기간 등을) 늘이다, 연장하다","to grow long (e.g. hair, nails)",동사,
N3-V-0027,N3,発表する,はっぴょうする,발표하다,announcement; publication; presenting,동사,
N3-V-0028,N3,反対する,はんたいする,반대하다,opposition; resistance; antagonism,동사,
N3-V-0029,N3,引き出す,ひきだす,"꺼내다, 인출하다",to pull out; to take out; to draw out,동사,
N3-V-0030,N3,褒める,ほめる,칭찬하다,to praise; to commend; to compliment,동사,
N3-V-0031,N3,翻訳する,ほんやくする,번역하다,translation,동사,
N3-V-0032,N3,増える,ふえる,"늘다, 증가하다 (자동사)",to increase; to multiply,동사,
N3-V-0033,N3,増やす,ふやす,"늘리다, 증가시키다 (타동사)",to increase; to add to; to augment,동사,
N3-V-0034,N3,減る,へる,"줄다, 감소하다 (자동사)",to decrease (in size or number); to diminish; to abate,동사,
N3-V-0035,N3,減らす,へらす,"줄이다, 감소시키다 (타동사)",to abate; to decrease; to diminish,동사,
N3-V-0036,N3,迷う,まよう,"헤매다, 망설이다",to lose one's way; to get lost; to go astray,동사,
N3-V-0037,N3,間違える,まちがえる,"틀리다, 실수하다",to make a mistake (in); to commit an error; to get wrong,동사,
N3-V-0038,N3,戻す,もどす,"되돌리다, 반납하다",to put back; to return; to give back,동사,
N3-V-0039,N3,申し込む,もうしこむ,신청하다,to apply for; to make an application; to propose (marriage),동사,
N3-V-0040,N3,約束する,やくそくする,약속하다,promise; agreement; arrangement,동사,
N3-V-0041,N3,役⽴つ,やくだつ,도움이 되다,role; assignment; responsibility,동사,
N3-V-0042,N3,⽌む,やむ,(비/눈 등이) 그치다,nothing; naught; nought,동사,
N3-V-0043,N3,許す,ゆるす,"용서하다, 허락하다",to permit; to allow; to approve,동사,
N3-V-0044,N3,渡る,わたる,"건너다 (길, 다리 등)",to cross over; to go across,동사,
N3-V-0045,N3,別れる,わかれる,"헤어지다, 갈라지다",to part (usu. of people); to part from; to part with,동사,
N3-V-0046,N3,喜ぶ,よろこぶ,기뻐하다,to be delighted; to be glad; to be pleased,동사,
N3-V-0047,N3,失敗する,しっぱいする,실패하다,failure; mistake; blunder,동사,
N3-V-0048,N3,成功する,せいこうする,성공하다,success; achievement,동사,
N3-V-0049,N3,相談する,そうだんする,상담하다,consultation; discussion; discussing,동사,
N3-V-0050,N3,連絡する,れんらくする,연락하다,contacting; (making) contact; getting in touch,동사,
N3-V-0051,N3,案内する,あんないする,안내하다,guidance; leading (the way); showing around,동사,
N3-V-0052,N3,意識する,いしきする,의식하다,to resuscitate; to revive; to regain consciousness,동사,
N3-V-0053,N3,印刷する,いんさつする,인쇄하다,printing,동사,
N3-V-0054,N3,受け取る,うけとる,"받아들이다, 수령하다",to receive; to get; to accept,동사,
N3-V-0055,N3,⽣まれる,うまれる,"태어나다, 생기다",time; pause,동사,
N3-V-0056,N3,追いかける,おいかける,"뒤쫓다, 따라가다",to chase; to run after; to pursue,동사,
N3-V-0057,N3,終える,おえる,"끝내다, 마치다",to finish,동사,
N3-V-0058,N3,⽚付ける,かたづける,"정리하다, 치우다",to attach; to join; to connect,동사,
N3-V-0059,N3,関わる,かかわる,"관계하다, 관련되다",to be involved (in); to get involved (in); to concern oneself (with),동사,
N3-V-0060,N3,通う,かよう,"다니다 (학교, 직장 등)","to go to and from (a place); to go back and forth between; to run between (e.g. bus, train, etc.)",동사,
N3-V-0061,N3,代わる,かわる,"대신하다, 바뀌다 (자동사)",to succeed; to relieve; to replace,동사,
N3-V-0062,N3,変える,かえる,"바꾸다, 변화시키다 (타동사)",to change; to alter; to transform,동사,
N3-V-0063,N3,⼯夫する,くふうする,"궁리하다, 연구하다",to do; to carry out; to perform,동사,
N3-V-0064,N3,⼯夫する,くふうする,"노력하다, 힘쓰다",to do; to carry out; to perform,동사,
N3-V-0065,N3,超える,こえる,"넘다, 초과하다",to cross over; to cross; to pass through,동사,
N3-V-0066,N3,壊れる,こわれる,"부서지다, 고장나다 (자동사)",to be broken; to break; to fall apart,동사,
N3-V-0067,N3,壊す,こわす,"부수다, 고장내다 (타동사)",to break; to destroy; to demolish,동사,
N3-V-0068,N3,探す,さがす,찾다 (잃어버린 물건 등),to search for; to look for; to hunt for,동사,
N3-V-0069,N3,⽀える,ささえる,"지탱하다, 떠받치다",to get; to earn; to acquire,동사,
N3-V-0070,N3,誘う,さそう,"권유하다, 꼬시다",to invite; to ask (someone to do); to call (for),동사,
N3-V-0071,N3,仕上げる,しあげる,"마무리하다, 완성하다",to finish up; to complete; to finish off,동사,
N3-V-0072,N3,進める,すすめる,"추천하다, 권하다","to advance; to move forward; to put (a clock, watch) forward",동사,
N3-V-0073,N3,捨てる,すてる,버리다,to throw away; to cast away; to dump,동사,
N3-V-0074,N3,成⻑する,せいちょうする,성장하다,to become; to get; to grow,동사,
N3-V-0075,N3,設⽴する,せつりつする,설립하다,to do; to carry out; to perform,동사,
N3-V-0076,N3,育つ,そだつ,"자라다, 성장하다",to be raised (e.g. child); to be brought up; to grow (up),동사,
N3-V-0077,N3,助かる,たすかる,"살다, 도움이 되다",to be saved; to be rescued; to survive,동사,
N3-V-0078,N3,尋ねる,たずねる,"묻다, 질문하다",to ask; to enquire; to inquire,동사,
N3-V-0079,N3,楽しむ,たのしむ,즐기다,to enjoy; to take pleasure in; to have a good time,동사,
N3-V-0080,N3,直す,なおす,"고치다, 수정하다",to repair; to mend; to fix,동사,
N3-V-0081,N3,治る,なおる,(병이) 낫다 (자동사),to get better; to get well; to recover (from an illness),동사,
N3-V-0082,N3,逃げる,にげる,도망치다,to run away; to flee; to get away (e.g. from danger),동사,
N3-V-0083,N3,除く,のぞく,"제거하다, 제외하다",to remove; to get rid of; to take away,동사,
N3-V-0084,N3,残る,のこる,남다 (자동사),to remain; to be left,동사,
N3-V-0085,N3,残す,のこす,남기다 (타동사),to leave (behind),동사,
N3-V-0086,N3,測る,はかる,"재다, 측정하다",to measure; to weigh; to survey,동사,
N3-V-0087,N3,破る,やぶる,"깨다, 어기다 (약속, 규칙 등)",to tear; to rip; to break,동사,
N3-V-0088,N3,張る,はる,"펴다, 붙이다 (자동사)",to stick; to paste; to affix,동사,
N3-V-0089,N3,開く,ひらく,"열다, 개최하다",to open; to undo; to unseal,동사,
N3-V-0090,N3,表現する,ひょうげんする,표현하다,expression; representation; description,동사,
N3-V-0091,N3,深まる,ふかまる,깊어지다 (자동사),to deepen; to heighten; to intensify,동사,
N3-V-0092,N3,深める,ふかめる,깊게 하다 (타동사),to deepen; to heighten; to intensify,동사,
N3-V-0093,N3,増す,ます,"증가하다, 더해지다",to increase; to grow,동사,
N3-V-0094,N3,⽬指す,めざす,목표로 하다,to point,동사,
N3-V-0095,N3,燃える,もえる,불타다 (자동사),to burn; to get fired up,동사,
N3-V-0096,N3,燃やす,もやす,태우다 (타동사),to burn,동사,
N3-V-0097,N3,役⽴つ,やくだつ,도움이 되다,role; assignment; responsibility,동사,
N3-V-0098,N3,譲る,ゆずる,"양보하다, 물려주다",to hand over; to transfer; to turn over,동사,
N3-V-0099,N3,沸く,わく,(물이) 끓다 (자동사),to grow hot (e.g. water); to boil,동사,
N3-V-0100,N3,沸かす,わかす,(물을) 끓이다 (타동사),"to boil; to heat (a liquid); to prepare (a bath, hot drink)",동사,
N3-N-0001,N3,諦め,あきらめ,포기,resignation; acceptance; consolation,명사,
N3-N-0002,N3,安⼼,あんしん,안심,cheap,명사,
N3-N-0003,N3,意⾒,いけん,의견,feelings; thoughts,명사,
N3-N-0004,N3,⼀⽣懸命,いっしょうけんめい,"열심히, 전력투구",eager; earnest; strenuous,명사,
N3-N-0005,N3,受付,うけつけ,"접수처, 접수",reception (desk); information desk; receptionist,명사,
N3-N-0006,N3,遠慮,えんりょ,"사양, 삼가함",reserve; constraint; restraint,명사,
N3-N-0007,N3,⼤勢,おおぜい,"많은 사람, 다수",large crowd; many people,명사,
N3-N-0008,N3,可笑しい,おかしい,"이상함, 우스움",funny; amusing; comical,명사,
N3-N-0009,N3,代わり,かわり,"대신, 대리",substitute; replacement; substituting,명사,
N3-N-0010,N3,期限,きげん,기한,term; period; time frame,명사,
N3-N-0011,N3,決まり,きまり,"규칙, 결정",rule; regulation,명사,
N3-N-0012,N3,教育,きょういく,교육,education; schooling; training,명사,
N3-N-0013,N3,経験,けいけん,경험,experience,명사,
N3-N-0014,N3,結構,けっこう,"훌륭함, 충분함",splendid; nice; wonderful,명사,
N3-N-0015,N3,原因,げんいん,원인,cause; origin; source,명사,
N3-N-0016,N3,国際,こくさい,국제,international,명사,
N3-N-0017,N3,最近,さいきん,최근,recently; lately; these days,명사,
N3-N-0018,N3,様々,さまざま,"여러 가지, 가지각색",various; varied; diverse,명사,
N3-N-0019,N3,参加,さんか,참가,participation; joining; entry,명사,
N3-N-0020,N3,⾃信,じしん,자신감,self-confidence,명사,
N3-N-0021,N3,事実,じじつ,사실,fact; truth; reality,명사,
N3-N-0022,N3,失敗,しっぱい,실패,failure; mistake; blunder,명사,
N3-N-0023,N3,準備,じゅんび,준비,preparation; arrangements; getting ready,명사,
N3-N-0024,N3,紹介,しょうかい,소개,introduction; presentation; referral,명사,
N3-N-0025,N3,性格,せいかく,성격,character (of a person); personality; disposition,명사,
N3-N-0026,N3,成⻑,せいちょう,성장,to become; to get; to grow,명사,
N3-N-0027,N3,説明,せつめい,설명,explanation; exposition; description,명사,
N3-N-0028,N3,絶対,ぜったい,절대,absolutely; definitely; unconditionally,명사,
N3-N-0029,N3,退院,たいいん,퇴원,leaving hospital; discharge from hospital,명사,
N3-N-0030,N3,努⼒,どりょく,노력,third principle of the Eight Principles of Yong; downward stroke,명사,
N3-N-0031,N3,苦⼿,にがて,"서투름, 약점",pain; anguish; suffering,명사,
N3-N-0032,N3,⼊院,にゅういん,입원,hospitalization; admission to hospital,명사,
N3-N-0033,N3,場合,ばあい,경우,case; occasion; situation,명사,
N3-N-0034,N3,販売,はんばい,판매,sale; sales; selling,명사,
N3-N-0035,N3,⽐較,ひかく,비교,comparison; contrast,명사,
N3-N-0036,N3,必要,ひつよう,필요,necessary; needed; essential,명사,
N3-N-0037,N3,普段,ふだん,"평소, 보통 때",usual; normal; everyday,명사,
N3-N-0038,N3,夫婦,ふうふ,부부,married couple; husband and wife; man and wife,명사,
N3-N-0039,N3,部分,ぶぶん,부분,portion; section; part,명사,
N3-N-0040,N3,⽬標,もくひょう,목표,goal; target; aim,명사,
N3-N-0041,N3,役割,やくわり,역할,part; assigning (allotment of) parts; role,명사,
N3-N-0042,N3,理由,りゆう,이유,reason; grounds; pretext,명사,
N3-N-0043,N3,連絡,れんらく,연락,contacting; (making) contact; getting in touch,명사,
N3-N-0044,N3,話題,わだい,화제,topic; subject,명사,
N3-N-0045,N3,案内,あんない,안내,guidance; leading (the way); showing around,명사,
N3-N-0046,N3,意外,いがい,의외,unexpected; surprising,명사,
N3-N-0047,N3,⼀列,いちれつ,"한 줄, 일렬",a row; a line,명사,
N3-N-0048,N3,お礼,おれい,"감사, 사례",thanks; gratitude,명사,
N3-N-0049,N3,改札,かいさつ,"개찰, 개찰구",examination of tickets,명사,
N3-N-0050,N3,管理,かんり,관리,control; management (e.g. of a business),명사,
N3-N-0051,N3,気温,きおん,기온,(air) temperature,명사,
N3-N-0052,N3,芸術,げいじゅつ,예술,art; the arts,명사,
N3-N-0053,N3,合格,ごうかく,합격,passing (an exam); pass; success,명사,
N3-N-0054,N3,最後,さいご,"최후, 마지막",end; conclusion,명사,
N3-N-0055,N3,寂しさ,さびしさ,"쓸쓸함, 외로움",(feeling of) loneliness; desolation,명사,
N3-N-0056,N3,⽀度,したく,"채비, 준비",preparation; getting ready,명사,
N3-N-0057,N3,修理,しゅうり,수리,repair; mending; fixing,명사,
N3-N-0058,N3,出張,しゅっちょう,출장,business trip; official trip,명사,
N3-N-0059,N3,節約,せつやく,절약,economising; saving,명사,
N3-N-0060,N3,相談,そうだん,상담,consultation; discussion; discussing,명사,
N3-N-0061,N3,退屈,たいくつ,"지루함, 심심풀이",tedious; boring; dull,명사,
N3-N-0062,N3,試し,ためし,"시험, 시도",trial; test,명사,
N3-N-0063,N3,近頃,ちかごろ,"요즈음, 근래",lately; recently; nowadays,명사,
N3-N-0064,N3,通訳,つうやく,통역,interpretation (i.e. oral translation),명사,
N3-N-0065,N3,突然,とつぜん,"돌연, 갑자기",abrupt; sudden; unexpected,명사,
N3-N-0066,N3,熱⼼,ねっしん,열심,heat,명사,
N3-N-0067,N3,反対,はんたい,반대,opposition; resistance; antagonism,명사,
N3-N-0068,N3,美術,びじゅつ,미술,art; fine arts,명사,
N3-N-0069,N3,⽂句,もんく,"불평, 불만",complaint; objection,명사,
N3-N-0070,N3,優勝,ゆうしょう,우승,overall victory; championship; winning the title,명사,
N3-N-0071,N3,余裕,よゆう,여유,surplus; margin; leeway,명사,
N3-N-0072,N3,量,りょう,양,quantity; amount; volume,명사,
N3-N-0073,N3,割合,わりあい,비율,rate; ratio; percentage,명사,
N3-N-0074,N3,意識,いしき,의식,consciousness,명사,
N3-N-0075,N3,運転,うんてん,운전,operation (of a machine); running; working,명사,
N3-N-0076,N3,環境,かんきょう,환경,environment; surroundings; circumstances,명사,
N3-N-0077,N3,活動,かつどう,활동,"activity (of a person, organization, animal, volcano, etc.); action; operation",명사,
N3-N-0078,N3,結果,けっか,결과,result; consequence; outcome,명사,
N3-N-0079,N3,交通,こうつう,교통,traffic; transportation,명사,
N3-N-0080,N3,国語,こくご,국어,national language,명사,
N3-N-0081,N3,材料,ざいりょう,재료,materials; ingredients,명사,
N3-N-0082,N3,事故,じこ,사고,accident; incident; trouble,명사,
N3-N-0083,N3,⾃然,しぜん,자연,nature; natural,명사,
N3-N-0084,N3,進路,しんろ,진로,route; course; path,명사,
N3-N-0085,N3,責任,せきにん,책임,duty; responsibility (incl. supervision of staff),명사,
N3-N-0086,N3,全体,ぜんたい,전체,whole; entirety,명사,
N3-N-0087,N3,想像,そうぞう,상상,imagination; supposition; guess,명사,
N3-N-0088,N3,単位,たんい,단위,"unit (e.g. meters, grams, etc.); denomination",명사,
N3-N-0089,N3,伝統,でんとう,전통,tradition; convention,명사,
N3-N-0090,N3,能⼒,のうりょく,능력,talent; gift; function,명사,
N3-N-0091,N3,博物館,はくぶつかん,박물관,museum,명사,
N3-N-0092,N3,表現,ひょうげん,표현,expression; representation; description,명사,
N3-N-0093,N3,⽂化,ぶんか,문화,culture; civilization,명사,
N3-N-0094,N3,未来,みらい,미래,(distant) future,명사,
N3-N-0095,N3,無理,むり,"무리, 불가능",unreasonable; unnatural; unjustifiable,명사,
N3-N-0096,N3,約束,やくそく,약속,promise; agreement; arrangement,명사,
N3-N-0097,N3,様⼦,ようす,"모습, 상황",appearing ...; looking ...,명사,
N3-N-0098,N3,留学,りゅうがく,유학,studying abroad,명사,
N3-N-0099,N3,歴史,れきし,역사,history,명사,
N3-N-0100,N3,年齢,ねんれい,"연령, 나이",age; years,명사,
N3-I-0001,N3,浅い,あさい,얕다,shallow; superficial,い형용사,
N3-I-0002,N3,厚い,あつい,"두껍다 (책, 벽 등)",thick; deep; heavy,い형용사,
N3-I-0003,N3,薄い,うすい,"얇다, 옅다",thin (of an object),い형용사,
N3-I-0004,N3,羨ましい,うらやましい,부럽다,envious; jealous,い형용사,
N3-I-0005,N3,可笑しい,おかしい,"이상하다, 우습다",funny; amusing; comical,い형용사,
N3-I-0006,N3,硬い/固い,かたい,"딱딱하다, 단단하다",hard; solid; tough,い형용사,
N3-I-0007,N3,細かい,こまかい,"세세하다, 자세하다, (돈이) 잔돈이다",small,い형용사,
N3-I-0008,N3,厳しい,きびしい,"엄격하다, 혹독하다",severe; strict; rigid,い형용사,
N3-I-0009,N3,悔しい,くやしい,"분하다, 억울하다","frustrated (over a failure, humiliation or injustice); annoyed; chagrined",い형용사,
N3-I-0010,N3,詳しい,くわしい,"상세하다, 자세하다",detailed; full; minute,い형용사,
N3-I-0011,N3,濃い,こい,"진하다 (색, 맛 등)",deep (colour); dark,い형용사,
N3-I-0012,N3,寂しい,さびしい,"쓸쓸하다, 외롭다",lonely; lonesome; solitary,い형용사,
N3-I-0013,N3,眩しい,まぶしい,눈부시다,dazzling; radiant,い형용사,
N3-I-0014,N3,親しい,したしい,"친하다, 가깝다",close (e.g. friend); familiar; friendly,い형용사,
N3-I-0015,N3,素早い,すばやい,"재빠르다, 민첩하다",quick; swift; nimble,い형용사,
N3-I-0016,N3,鋭い,するどい,"날카롭다, 예리하다","sharp (knife, claws, etc.); pointed",い형용사,
N3-I-0017,N3,尊い,とうとい,"귀하다, 존귀하다",precious; valuable; priceless,い형용사,
N3-I-0018,N3,苦い,にがい,쓰다 (맛),bitter,い형용사,
N3-I-0019,N3,温かい,あたたかい,"따뜻하다 (온도, 마음)",warm; mild; (pleasantly) hot,い형용사,
N3-I-0020,N3,鈍い,にぶい,둔하다,dull (e.g. a knife); blunt,い형용사,
N3-I-0021,N3,恥ずかしい,はずかしい,"부끄럽다, 창피하다",embarrassing; embarrassed; ashamed,い형용사,
N3-I-0022,N3,深い,ふかい,깊다,deep,い형용사,
N3-I-0023,N3,太い,ふとい,굵다,fat; thick,い형용사,
N3-I-0024,N3,細い,ほそい,가늘다,thin; slender; fine,い형용사,
N3-I-0025,N3,⾯倒臭い,めんどうくさい,귀찮다,stinking; smelly,い형용사,
N3-I-0026,N3,柔らかい,やわらかい,"부드럽다, 유연하다",soft; tender; supple,い형용사,
N3-I-0027,N3,幼い,おさない,"어리다, 유치하다",very young; little,い형용사,
N3-I-0028,N3,恐ろしい,おそろしい,"무섭다, 두렵다",terrible; dreadful; terrifying,い형용사,
N3-I-0029,N3,⽚付かない,かたづかない,정리되지 않다,lesson,い형용사,
N3-I-0030,N3,臭い,くさい,"냄새나다, (악취가) 나다",stinking; smelly,い형용사,
N3-I-0031,N3,苦しい,くるしい,"괴롭다, 고통스럽다",painful; difficult; tough,い형용사,
N3-I-0032,N3,騒がしい,さわがしい,"시끄럽다, 소란스럽다",noisy; boisterous,い형용사,
N3-I-0033,N3,仕⽅ない,しかたがない,어쩔 수 없다,official; civil service,い형용사,
N3-I-0034,N3,済まない,すまない,미안하다,inexcusable; unjustifiable; unpardonable,い형용사,
N3-I-0035,N3,素晴らしい,すばらしい,"훌륭하다, 멋지다",wonderful; splendid; magnificent,い형용사,
N3-I-0036,N3,汚い,きたない,"더럽다, 지저분하다",dirty; filthy; foul,い형용사,
N3-I-0037,N3,強い,つよい,강하다,strong; potent; competent,い형용사,
N3-I-0038,N3,弱い,よわい,약하다,weak; frail; delicate,い형용사,
N3-I-0039,N3,⻑い,ながい,길다,long; lengthy,い형용사,
N3-I-0040,N3,短い,みじかい,짧다,short,い형용사,
N3-I-0041,N3,早い,はやい,"빠르다 (속도, 시각)",fast; quick; rapid,い형용사,
N3-I-0042,N3,遅い,おそい,"늦다 (속도, 시각)",slow,い형용사,
N3-I-0043,N3,多い,おおい,많다,many; numerous; a lot,い형용사,
N3-I-0044,N3,少ない,すくない,적다,few; little; small (amount),い형용사,
N3-I-0045,N3,遠い,とおい,멀다,far; distant; far away,い형용사,
N3-I-0046,N3,近い,ちかい,가깝다,near; close; short (distance),い형용사,
N3-I-0047,N3,新しい,あたらしい,새롭다,new; novel; fresh,い형용사,
N3-I-0048,N3,古い,ふるい,"낡다, 오래되다",old; aged; ancient,い형용사,
N3-I-0049,N3,広い,ひろい,넓다,spacious; vast; wide,い형용사,
N3-I-0050,N3,狭い,せまい,좁다,narrow; confined; small,い형용사,
N3-A-0001,N3,安全,あんぜん,안전하다,safety; security,な형용사,
N3-A-0002,N3,意外,いがい,의외이다,unexpected; surprising,な형용사,
N3-A-0003,N3,⼀⽣懸命,いっしょうけんめい,"열심히, 필사적이다",eager; earnest; strenuous,な형용사,
N3-A-0004,N3,偉⼤,いだい,위대하다,tremendous; big; great,な형용사,
N3-A-0005,N3,遠慮,えんりょ,"사양함, 조심함",reserve; constraint; restraint,な형용사,
N3-A-0006,N3,勝⼿,かって,제멋대로임,win; victory,な형용사,
N3-A-0007,N3,簡単,かんたん,간단하다,simple; easy; uncomplicated,な형용사,
N3-A-0008,N3,結構,けっこう,"훌륭하다, 충분하다",splendid; nice; wonderful,な형용사,
N3-A-0009,N3,国際的,こくさいてき,국제적이다,international; worldwide; cross-border,な형용사,
N3-A-0010,N3,複雑,ふくざつ,복잡하다,complex; complicated; intricate,な형용사,
N3-A-0011,N3,積極的,せっきょくてき,적극적이다,positive; assertive; active,な형용사,
N3-A-0012,N3,消極的,しょうきょくてき,소극적이다,negative; passive; half-hearted,な형용사,
N3-A-0013,N3,⾃由,じゆう,자유롭다,freedom; liberty,な형용사,
N3-A-0014,N3,⼤切,たいせつ,"중요하다, 소중하다",important; precious; valuable,な형용사,
N3-A-0015,N3,得意,とくい,"능숙하다, 자신있다",satisfaction; pride; triumph,な형용사,
N3-A-0016,N3,苦⼿,にがて,"서투르다, 약하다",pain; anguish; suffering,な형용사,
N3-A-0017,N3,熱⼼,ねっしん,열심이다,heat,な형용사,
N3-A-0018,N3,必要,ひつよう,필요하다,necessary; needed; essential,な형용사,
N3-A-0019,N3,正直,しょうじき,"정직하다, 솔직하다",honest; frank; candid,な형용사,
N3-A-0020,N3,夢中,むちゅう,"열중함, 몰두함",absorbed in; immersed in; crazy about,な형용사,
N3-A-0021,N3,無駄,むだ,"소용없음, 낭비이다",futility; waste; uselessness,な형용사,
N3-A-0022,N3,無理,むり,"무리이다, 불가능하다",unreasonable; unnatural; unjustifiable,な형용사,
N3-A-0023,N3,楽,らく,"편안하다, 쉽다",comfort; ease; relief,な형용사,
N3-A-0024,N3,真剣,しんけん,진지하다,serious; earnest,な형용사,
N3-A-0025,N3,新鮮,しんせん,신선하다,fresh,な형용사,
N3-A-0026,N3,親切,しんせつ,친절하다,kind; gentle; considerate,な형용사,
N3-A-0027,N3,丁寧,ていねい,"정중하다, 공손하다",polite; courteous; civil,な형용사,
N3-A-0028,N3,特別,とくべつ,특별하다,special; particular; extraordinary,な형용사,
N3-A-0029,N3,突然,とつぜん,갑작스럽다,abrupt; sudden; unexpected,な형용사,
N3-A-0030,N3,普段,ふだん,"평소이다, 보통이다",usual; normal; everyday,な형용사,
N3-A-0031,N3,本気,ほんき,진심이다,seriousness; earnestness; truth,な형용사,
N3-A-0032,N3,真⾯⽬,まじめ,"성실하다, 진실하다",truth; reality; fact,な형용사,
N3-A-0033,N3,明確,めいかく,명확하다,clear; precise; definite,な형용사,
N3-A-0034,N3,⽴派,りっぱ,"훌륭하다, 뛰어나다",splendid; fine; magnificent,な형용사,
N3-A-0035,N3,当然,とうぜん,당연하다,natural; right; proper,な형용사,
N3-A-0036,N3,普通,ふつう,"보통이다, 일반적이다",normal; ordinary; regular,な형용사,
N3-A-0037,N3,完璧,かんぺき,완벽하다,perfect; complete; flawless,な형용사,
N3-A-0038,N3,丁寧,ていねい,"정성스럽다, 꼼꼼하다",polite; courteous; civil,な형용사,
N3-A-0039,N3,得意,とくい,"장점, 잘하는 것",satisfaction; pride; triumph,な형용사,
N3-A-0040,N3,苦⼿,にがて,"서투른 것, 약점",pain; anguish; suffering,な형용사,
N3-A-0041,N3,便利,べんり,편리하다,convenient; handy; useful,な형용사,
N3-A-0042,N3,不便,ふべん,불편하다,inconvenience; inexpediency; unhandiness,な형용사,
N3-A-0043,N3,様々,さまざま,"다양하다, 여러 가지이",various; varied; diverse,な형용사,
N3-A-0044,N3,純粋,じゅんすい,순수하다,pure; true; genuine,な형용사,
N3-A-0045,N3,深刻,しんこく,심각하다,serious; severe; grave,な형용사,
N3-A-0046,N3,平均,へいきん,평균적이다,average; mean,な형용사,
N3-A-0047,N3,独特,どくとく,독특하다,peculiarity; uniqueness; characteristic,な형용사,
N3-A-0048,N3,正確,せいかく,정확하다,accurate; correct; precise,な형용사,
N3-A-0049,N3,不明,ふめい,"불분명하다, 알 수 없",unclear; obscure; indistinct,な형용사,
N3-A-0050,N3,絶対,ぜったい,절대적이다,absolutely; definitely; unconditionally,な형용사,
